nearc4,educ,black,smsa,south,married,exper,lwage
0,7,1,1,0,1,16,6.30627489089966
0,12,0,1,0,1,9,6.17586708068848
0,12,0,1,0,1,16,6.58063888549805
1,11,0,1,0,1,10,5.52146100997925
1,12,0,1,0,1,16,6.59167385101318
1,12,0,1,0,1,8,6.21460819244385
1,18,0,1,0,1,9,6.33682584762573
1,14,0,1,0,1,9,6.41017484664917
1,12,0,1,0,4,10,6.05208921432495
1,12,0,1,0,1,11,6.2441668510437
1,9,0,1,0,1,13,5.41610097885132
1,12,0,1,0,1,8,5.99146509170532
1,11,0,1,0,1,7,6.03308582305908
1,11,0,1,0,1,13,5.37989711761475
1,16,1,1,0,1,9,6.79570579528809
1,14,0,1,0,6,4,5.70378303527832
1,12,0,1,0,1,16,5.84643888473511
1,14,0,1,0,1,9,6.48920488357544
1,10,0,1,0,6,10,6.3543701171875
1,12,0,1,0,1,14,6.47543287277222
1,18,0,1,1,1,8,6.85012578964233
1,18,0,1,0,1,10,6.41999483108521
1,15,0,0,0,1,11,6.58755016326904
1,12,0,1,0,1,10,6.40357398986816
1,12,0,1,0,1,14,6.54102993011475
1,18,0,0,0,1,10,7.24422693252563
1,12,0,1,0,6,8,5.70378303527832
1,18,0,1,0,5,8,7.49554204940796
1,12,0,1,0,1,7,6.02344799041748
1,14,0,0,0,1,9,6.44888877868652
1,12,0,1,0,1,7,5.33753776550293
1,12,1,1,0,6,7,6.12468290328979
1,16,0,1,0,1,2,6.71416997909546
1,18,0,1,0,1,10,6.35784196853638
1,11,0,1,0,1,11,5.54126405715942
1,16,0,1,0,1,8,6.86901378631592
1,10,0,1,0,1,15,6.85012578964233
1,18,0,1,0,1,10,7.04403305053711
1,6,0,1,0,1,15,5.78074407577515
1,11,1,1,0,5,7,5.45958614349365
1,12,0,1,0,1,16,6.90775489807129
1,9,0,1,0,4,11,6.17586708068848
1,15,0,1,0,1,11,6.43615102767944
1,11,0,1,0,1,17,6.47697305679321
1,12,1,1,0,6,6,5.84064102172852
1,16,0,1,1,6,2,5.9401707649231
1,12,0,1,0,1,6,5.86646795272827
1,13,0,1,0,6,6,6.49072408676147
1,17,0,1,0,1,5,6.43133115768433
1,12,0,1,0,1,7,6.0867748260498
1,12,1,1,0,6,8,6.60394382476807
1,11,1,0,1,1,14,5.63478899002075
1,10,0,1,0,1,8,6.07304382324219
1,12,0,1,0,1,9,6.55819797515869
1,12,0,1,0,1,9,6.05208921432495
1,12,0,1,0,1,6,6.34738922119141
1,16,0,1,0,6,8,6.28785800933838
1,16,0,1,0,1,10,6.60664987564087
1,13,0,1,0,1,13,6.5117449760437
1,12,0,1,0,1,16,6.64509105682373
1,12,0,1,0,1,6,6.38350677490234
1,9,1,1,0,6,9,5.36129188537598
1,16,0,1,0,1,12,7.35436201095581
1,16,0,1,0,1,6,6.65157222747803
1,12,0,1,1,1,8,6.39693021774292
1,18,0,1,0,6,0,6.54102993011475
1,13,0,1,0,5,12,6.34563589096069
1,14,0,1,0,5,8,6.07073783874512
1,15,0,1,0,2,7,6.28785800933838
1,12,0,1,0,6,7,6.44094705581665
1,8,0,1,0,1,17,6.17586708068848
1,12,0,1,0,1,8,6.30078601837158
1,12,0,1,0,1,7,6.35610818862915
1,16,0,1,0,1,3,6.55108022689819
1,16,0,1,0,1,6,6.66949796676636
1,17,0,1,0,1,4,6.91968393325806
1,12,0,1,0,1,6,6.63068294525146
1,14,0,1,0,6,9,6.39859485626221
1,12,0,1,0,6,6,5.64544677734375
1,12,0,1,0,6,6,5.52146100997925
1,12,0,1,0,1,8,6.21460819244385
1,11,0,1,0,1,14,6.30991792678833
1,12,0,1,0,1,7,7.04141187667847
1,18,0,1,1,4,7,6.69703388214111
1,12,1,1,0,6,10,5.74620294570923
1,18,0,1,0,1,1,6.5944128036499
1,16,0,1,0,1,3,6.43775177001953
1,14,0,1,0,1,4,6.37672710418701
1,14,0,1,0,1,6,5.92692613601685
1,16,0,1,1,6,7,6.70563888549805
1,14,0,1,0,1,10,6.76273012161255
1,15,0,1,1,1,7,5.85793304443359
1,13,0,1,1,1,5,5.30826807022095
1,13,0,1,1,1,13,6.22455787658691
1,17,0,1,0,1,7,6.70441389083862
1,18,0,1,0,6,2,6.43775177001953
1,18,0,1,0,6,8,6.64509105682373
1,17,0,1,0,6,4,6.21460819244385
1,17,0,1,0,1,4,6.42810487747192
1,12,0,1,0,1,12,6.47697305679321
1,18,0,1,0,1,4,6.64509105682373
1,12,0,1,0,1,8,6.23832511901855
1,18,0,1,0,1,7,6.43775177001953
1,14,0,1,0,1,11,7.01301622390747
1,13,0,1,0,1,9,6.58063888549805
1,14,0,1,0,1,12,7.05099010467529
1,18,0,0,0,6,10,6.71780490875244
1,16,0,1,0,1,12,6.82762908935547
1,17,0,1,0,1,5,6.98100614547729
1,12,0,1,0,1,15,6.43775177001953
1,13,0,1,0,1,8,6.13122701644897
1,14,1,1,0,6,4,6.80239486694336
1,18,0,1,0,1,5,6.5250301361084
1,12,0,1,0,1,6,6.01859283447266
1,13,0,1,0,1,8,6.43775177001953
1,18,0,1,0,1,8,6.91274309158325
1,11,0,1,0,1,7,6.58617210388184
1,15,0,1,0,1,6,6.62007284164429
1,14,0,1,0,1,9,6.27098798751831
1,17,0,1,0,1,6,6.87935590744019
1,12,0,0,0,1,8,6.15697908401489
1,12,0,1,0,6,6,5.7838249206543
1,12,0,1,0,1,16,6.77422380447388
1,13,0,1,0,1,15,6.43775177001953
1,12,0,1,0,1,8,5.8200831413269
1,16,0,1,0,1,5,6.17586708068848
1,9,0,1,0,6,14,6.47697305679321
1,16,0,1,0,6,3,5.94803476333618
1,18,0,1,0,1,6,6.86901378631592
1,16,0,0,0,6,7,6.42162179946899
1,14,0,1,0,1,8,6.55393409729004
1,14,0,1,0,6,11,6.45362520217896
1,12,0,1,0,4,10,5.29831695556641
1,12,0,1,0,1,9,6.70563888549805
1,14,0,1,0,1,6,6.35784196853638
1,17,0,1,0,1,3,6.14418601989746
1,16,0,1,0,1,7,6.82871198654175
1,16,0,1,1,1,9,6.67582321166992
1,14,0,1,0,1,8,6.45362520217896
1,12,0,1,0,6,7,6.34563589096069
1,16,0,1,0,1,7,6.55819797515869
1,14,0,1,0,1,8,6.45362520217896
1,12,0,1,0,1,12,6.54247188568115
1,13,0,1,0,1,15,6.42162179946899
1,16,0,1,0,6,4,6.13556480407715
1,12,0,1,0,1,16,6.76273012161255
1,18,0,1,1,1,9,6.60258817672729
1,12,0,1,0,1,7,7.24422693252563
1,12,0,1,0,1,13,6.69456195831299
1,16,0,1,0,1,4,6.48310804367065
1,12,0,1,0,1,7,5.70378303527832
1,16,0,1,0,4,8,6.35784196853638
1,16,0,1,0,6,2,5.57973003387451
1,18,0,0,0,1,7,6.38687896728516
1,17,0,1,0,1,3,5.7838249206543
1,16,0,0,0,6,2,5.95324277877808
1,18,0,1,0,1,1,6.90775489807129
1,18,0,1,0,6,4,6.14203691482544
1,16,0,1,0,6,6,6.0867748260498
1,16,0,1,0,6,5,6.43775177001953
1,17,0,1,0,1,4,5.65248918533325
1,14,0,1,0,1,7,6.47697305679321
1,13,0,1,0,1,6,6.69456195831299
1,12,0,1,0,1,6,6.21460819244385
1,16,0,1,0,1,4,6.7226300239563
1,12,0,1,0,1,13,6.21460819244385
1,17,0,1,0,1,9,6.54102993011475
1,12,0,1,0,1,9,7.00306606292725
1,12,0,1,0,1,7,6.63725805282593
1,12,0,1,0,1,9,6.67834186553955
1,16,0,1,0,6,3,5.8081431388855
1,18,0,1,0,1,6,6.01371479034424
1,16,0,1,0,1,5,6.76273012161255
1,12,0,1,0,1,13,6.78897190093994
1,12,0,1,0,1,16,6.5117449760437
1,12,0,0,0,6,15,6.55108022689819
1,18,0,1,1,6,9,5.52146100997925
1,11,0,1,0,6,10,6.43775177001953
1,13,0,1,0,4,12,6.03308582305908
1,13,0,1,0,1,9,6.35610818862915
1,12,1,1,0,6,8,6.41836500167847
1,12,0,1,0,1,13,6.55108022689819
1,12,0,1,0,6,6,6.10924816131592
1,16,0,1,0,1,6,6.21460819244385
1,12,0,0,0,1,7,6.24222278594971
1,16,0,1,0,6,3,5.52146100997925
1,12,0,0,0,6,6,5.75257301330566
1,12,0,1,0,1,11,5.92692613601685
1,15,0,0,0,1,13,6.12468290328979
1,12,1,1,0,6,9,5.61677122116089
1,12,0,1,0,1,10,6.85751390457153
1,16,0,1,0,1,10,7.01661014556885
1,16,0,0,0,6,3,5.66642713546753
1,16,0,1,0,1,3,6.21460819244385
1,18,0,1,0,1,8,6.58755016326904
1,18,0,1,0,1,5,7.1428279876709
1,17,1,1,0,6,3,6.41836500167847
1,12,0,1,0,6,10,6.30078601837158
1,13,0,1,0,1,9,5.62762117385864
1,18,0,1,0,1,10,7.27378702163696
1,16,0,1,0,1,5,6.90274286270142
1,12,0,1,0,1,11,6.55108022689819
1,16,0,1,0,1,6,6.35784196853638
1,16,0,1,0,1,9,6.75460386276245
1,12,0,1,0,1,10,6.5308780670166
1,15,0,1,0,1,10,6.72383308410645
1,13,0,1,0,1,14,6.45046997070312
1,12,0,1,0,1,14,6.53524112701416
1,14,0,1,0,1,10,6.64509105682373
1,15,0,1,0,6,6,5.95324277877808
1,12,0,1,0,6,6,6.10924816131592
1,12,0,1,0,1,9,6.42162179946899
1,12,0,1,0,1,16,6.5250301361084
1,10,0,1,0,5,16,6.50727701187134
1,11,0,1,0,1,16,6.68461179733276
1,14,0,1,0,1,14,6.22455787658691
1,18,0,1,0,5,6,6.93342304229736
1,15,0,1,0,6,4,6.64509105682373
1,10,0,1,1,1,16,5.66988086700439
1,13,0,1,0,1,9,6.27098798751831
1,16,0,1,0,1,7,7.05099010467529
1,10,0,1,0,1,13,6.30809783935547
1,12,0,1,0,1,8,6.16331481933594
1,12,0,1,0,1,8,6.10924816131592
1,17,0,1,0,6,4,6.77422380447388
1,15,0,1,0,6,4,5.29831695556641
1,13,0,0,0,6,7,5.70378303527832
1,16,0,0,0,6,3,6.13556480407715
1,12,0,1,0,1,12,5.95324277877808
1,15,0,1,0,1,11,7.15617704391479
1,16,0,1,0,6,3,6.37672710418701
1,12,0,1,0,6,9,6.39693021774292
1,16,0,1,0,1,8,6.21460819244385
1,12,1,1,0,1,15,6.0867748260498
1,18,0,1,1,6,2,6.14632892608643
1,17,0,1,0,1,6,6.83410882949829
1,16,0,1,0,1,5,6.32076787948608
1,13,0,1,0,6,5,6.08221912384033
1,12,1,1,0,1,11,6.39693021774292
1,12,1,1,0,1,8,6.3543701171875
1,12,1,1,0,6,8,5.96357917785645
1,12,0,0,0,1,16,6.67834186553955
1,18,0,1,0,1,3,6.15485811233521
1,17,0,1,0,6,3,5.30826807022095
1,17,0,1,0,6,1,5.29831695556641
1,17,0,1,0,6,1,5.85793304443359
1,14,0,0,0,6,4,5.92692613601685
1,16,0,1,0,1,3,6.17586708068848
1,18,0,1,0,6,7,6.86901378631592
1,15,0,1,0,6,6,6.04737186431885
1,15,0,1,0,6,6,6.21460819244385
1,9,0,1,0,1,15,6.10924816131592
1,8,0,1,0,1,14,6.16541814804077
1,12,0,1,0,6,6,4.91265487670898
1,12,0,1,0,1,14,6.3543701171875
1,12,0,1,0,1,15,6.35784196853638
1,12,0,1,0,1,13,5.73657178878784
1,9,0,1,0,1,15,6.55108022689819
1,14,0,1,0,1,12,7.1869010925293
1,10,0,1,0,1,18,6.31173515319824
1,17,0,1,0,1,7,6.78105783462524
1,12,0,1,0,1,7,6.6333179473877
1,12,0,1,0,1,14,6.56244421005249
1,12,0,1,0,1,8,6.05208921432495
1,12,0,1,0,6,8,6.05678415298462
1,16,0,1,0,6,2,6.35610818862915
1,9,0,1,0,4,17,5.99146509170532
1,12,0,0,0,1,13,6.21460819244385
1,12,0,0,0,1,10,6.27476215362549
1,16,0,1,0,1,6,6.5117449760437
1,16,0,1,1,6,5,6.35784196853638
1,16,0,1,0,6,2,5.7838249206543
1,11,0,0,0,1,12,6.21460819244385
1,12,0,0,0,1,7,6.64638996124268
1,12,0,1,0,1,8,6.21460819244385
1,16,0,1,0,1,6,5.96870803833008
1,12,0,1,0,1,16,6.69703388214111
1,9,1,0,0,1,19,6.29710912704468
1,9,1,0,0,5,19,6.38519382476807
1,17,0,1,0,6,2,6.76157283782959
1,10,1,0,0,1,12,6.55108022689819
1,12,0,0,0,1,7,6.23441076278687
1,13,0,1,0,4,15,6.42162179946899
1,14,0,1,0,1,9,6.63463401794434
1,10,0,1,0,1,15,6.2005090713501
1,16,0,1,0,1,2,6.09807395935059
1,12,0,1,0,1,7,6.05208921432495
1,16,0,1,0,6,2,6.62007284164429
1,16,0,1,0,1,2,6.55108022689819
1,12,0,1,0,1,6,6.08221912384033
1,12,0,1,0,1,11,6.41017484664917
1,13,0,1,0,1,5,6.10924816131592
1,3,0,1,0,1,17,5.74620294570923
1,7,1,1,0,1,20,5.52146100997925
1,14,0,1,0,1,13,6.21460819244385
0,12,0,1,0,6,8,5.89989805221558
0,12,0,1,0,1,8,6.70073080062866
0,12,0,0,0,4,7,5.7868971824646
0,12,0,0,0,1,11,6.2614917755127
0,13,0,1,0,1,9,6.70318794250488
0,12,0,1,0,1,10,6.62007284164429
0,17,0,1,0,1,1,6.26339817047119
0,12,0,1,0,1,14,7.02553796768188
0,12,0,1,0,6,10,6.43775177001953
0,14,0,1,0,1,5,6.57228183746338
0,12,0,0,0,1,13,6.38181591033936
0,17,0,1,0,6,4,6.00141477584839
1,12,0,1,0,1,10,6.51471281051636
1,12,0,1,0,6,7,6.0958251953125
1,12,0,1,0,1,6,6.19031476974487
1,9,0,1,0,1,19,6.54391193389893
1,12,0,1,1,1,7,6.55108022689819
1,12,0,1,1,1,6,5.7838249206543
1,9,0,1,0,1,10,6.32076787948608
1,12,0,1,0,6,8,5.7838249206543
1,13,0,1,0,1,7,6.50428819656372
1,18,0,1,0,1,7,7.78488922119141
1,16,0,1,0,6,3,6.63068294525146
1,16,0,1,0,1,12,6.89365577697754
1,12,0,1,0,1,7,6.35784196853638
1,17,0,0,0,1,6,5.65599203109741
1,14,0,1,1,6,8,5.44241809844971
1,12,0,1,0,1,7,6.24027585983276
1,15,0,1,0,4,7,6.42162179946899
1,15,0,1,0,1,4,6.55108022689819
1,18,0,1,0,1,9,6.57088279724121
1,9,0,1,0,1,15,6.55250787734985
1,12,1,1,0,1,6,6.13556480407715
1,18,0,1,0,6,4,6.76619100570679
1,16,0,0,0,6,7,6.82110691070557
1,12,0,1,0,1,9,6.97072982788086
1,12,0,1,1,4,11,5.99146509170532
1,12,0,1,0,1,9,6.46146821975708
1,13,0,1,0,6,5,5.65248918533325
1,17,0,1,1,6,4,6.46302890777588
1,13,0,1,0,1,13,5.96357917785645
1,12,0,1,0,1,7,6.91770601272583
1,12,0,0,0,1,6,6.70563888549805
1,17,0,1,0,1,4,6.88243818283081
1,12,1,1,0,4,11,6.62007284164429
1,15,0,0,0,1,3,6.13772678375244
1,12,0,1,0,1,10,7.23489904403687
1,12,0,1,0,6,7,6.35784196853638
1,12,0,1,0,6,9,5.99396085739136
1,10,0,1,0,1,10,5.76832103729248
1,12,0,1,0,1,9,6.24222278594971
1,11,0,1,0,6,8,5.33753776550293
1,17,0,1,0,1,4,7.08338785171509
1,14,0,1,0,6,6,6.43775177001953
1,17,0,1,0,1,11,6.17586708068848
1,13,0,1,0,1,8,6.57088279724121
1,11,0,1,0,1,10,6.43775177001953
1,12,0,1,0,1,12,6.31535816192627
1,12,0,1,0,1,16,6.3613018989563
1,18,0,1,0,6,4,6.73459100723267
1,18,0,1,0,1,9,7.56164216995239
1,16,0,1,0,1,4,6.69208383560181
1,12,1,1,0,1,11,5.84064102172852
1,12,0,1,0,1,14,6.86901378631592
1,12,0,0,0,1,14,6.39693021774292
1,18,0,1,0,1,10,6.72982406616211
1,16,0,1,0,6,2,6.43775177001953
1,16,0,1,0,1,6,6.33328008651733
1,16,0,1,0,1,6,7.25134515762329
1,12,0,1,0,1,7,6.17378616333008
1,12,0,1,0,6,6,6.39693021774292
1,9,0,1,0,1,13,5.70378303527832
1,9,0,1,0,1,10,6.22455787658691
1,14,1,1,0,6,5,6.03308582305908
1,12,1,1,0,1,6,5.70378303527832
1,18,0,1,0,6,3,6.76273012161255
1,16,0,1,0,6,3,5.70378303527832
1,12,0,1,0,1,14,6.58063888549805
1,12,0,1,0,1,16,6.75227022171021
1,10,0,1,0,1,14,6.60394382476807
1,17,1,1,0,1,8,6.96413612365723
1,12,1,1,0,6,14,6.27098798751831
1,11,0,1,0,1,17,6.34913921356201
1,12,0,0,0,1,14,6.69084215164185
1,10,0,1,0,6,14,5.99146509170532
1,18,0,1,0,1,5,6.86901378631592
1,18,0,1,0,6,3,6.70563888549805
1,13,0,1,0,1,9,6.60664987564087
1,18,0,1,0,1,6,6.58063888549805
1,18,0,1,0,6,0,6.81673622131348
1,17,0,1,0,6,4,5.93753576278687
1,14,0,1,0,6,6,5.85793304443359
1,11,0,1,0,6,16,6.54247188568115
1,12,0,1,1,4,14,6.92165803909302
1,18,0,1,0,1,10,7.03526878356934
1,18,0,1,0,1,6,7.44366407394409
1,12,0,1,0,1,8,6.27098798751831
1,17,1,1,0,6,9,6.5117449760437
1,17,0,1,0,4,5,6.91770601272583
1,18,0,1,0,1,4,6.74052000045776
1,11,0,1,0,1,10,6.56526517868042
1,16,0,0,0,1,4,6.709303855896
1,12,0,1,0,6,6,6.10255908966064
1,15,0,1,0,1,4,6.21460819244385
1,16,0,1,0,1,9,6.95559310913086
1,18,0,1,0,1,5,7.09174203872681
1,12,0,1,0,1,15,6.53669214248657
1,16,0,1,0,1,6,6.47389078140259
1,13,0,1,0,1,11,6.77422380447388
1,17,0,1,0,1,2,6.30627489089966
1,7,0,1,0,1,15,6.39693021774292
1,15,0,1,0,1,13,7.71601486206055
1,12,0,1,0,1,13,7.27378702163696
1,12,1,1,0,1,16,5.76832103729248
1,18,0,1,0,1,9,7.14045286178589
1,12,0,1,0,1,6,6.39693021774292
1,11,1,1,0,6,9,5.70378303527832
1,16,0,1,0,6,2,6.28785800933838
1,12,0,0,0,1,15,6.61204099655151
1,12,0,1,0,1,15,6.74052000045776
1,16,0,1,0,1,7,6.70073080062866
1,12,0,1,0,1,10,6.90775489807129
1,16,0,1,0,1,4,6.32972097396851
1,18,0,1,0,6,2,5.65248918533325
1,16,0,1,0,1,5,6.07993316650391
1,13,0,1,0,6,6,5.7838249206543
1,16,0,1,0,1,6,6.36302804946899
1,16,1,1,0,4,4,6.37672710418701
1,18,0,1,0,1,5,6.68586111068726
1,14,0,1,0,6,5,5.74300289154053
1,12,1,1,0,6,11,5.52146100997925
1,15,1,1,0,5,6,6.21460819244385
1,12,1,1,0,1,15,6.62007284164429
1,13,0,1,1,1,12,5.83772993087769
1,15,0,1,0,4,7,5.52146100997925
1,16,0,1,0,1,2,6.55108022689819
1,12,0,1,0,6,7,5.99146509170532
1,17,0,1,0,1,4,6.31896781921387
1,15,0,1,0,1,7,6.54965114593506
1,14,0,1,0,1,4,7.56164216995239
1,18,0,1,0,6,8,7.10332202911377
1,16,0,1,0,1,7,6.42162179946899
1,14,0,1,0,6,5,6.61338376998901
1,16,0,1,0,6,2,6.12686920166016
1,18,0,1,0,6,1,6.47234582901001
1,12,0,1,0,1,7,6.61338376998901
1,16,0,1,1,1,3,6.70318794250488
1,16,0,1,0,1,9,6.76273012161255
1,12,0,1,0,1,10,6.29526615142822
1,13,0,1,0,1,8,5.89989805221558
1,10,0,1,0,1,8,6.03308582305908
1,16,0,1,0,6,5,6.48768377304077
1,15,0,1,0,6,5,6.27098798751831
1,17,0,1,0,1,6,6.74641180038452
1,12,0,1,0,1,7,6.49677515029907
1,16,0,1,0,1,2,6.27098798751831
1,18,0,1,0,1,4,6.7900972366333
1,17,0,1,1,1,5,6.76273012161255
1,18,0,1,1,1,2,5.44241809844971
1,12,0,0,1,1,14,6.68710899353027
1,13,0,1,0,1,8,6.27852201461792
1,15,1,1,0,1,4,6.65286302566528
1,14,1,1,0,6,4,6.16541814804077
1,16,0,1,0,1,11,6.76273012161255
1,16,0,0,0,1,6,6.92165803909302
1,18,0,1,0,1,8,6.46302890777588
1,16,0,1,0,1,2,5.8081431388855
1,11,1,1,0,1,17,6.32076787948608
1,18,0,1,0,5,2,6.26909589767456
1,12,0,1,0,1,8,6.45362520217896
1,11,1,1,1,1,10,6.21460819244385
1,16,1,1,0,1,12,7.05099010467529
1,18,0,1,0,1,2,6.75110101699829
1,12,0,0,0,1,10,6.17170000076294
1,18,0,1,1,1,1,6.70563888549805
1,18,0,1,0,1,5,6.53958606719971
1,16,0,0,0,1,11,6.89669418334961
1,16,0,1,1,1,9,6.10255908966064
1,18,0,1,0,1,10,6.90975284576416
1,18,0,1,0,5,10,7.12367296218872
1,14,0,0,0,1,12,6.8254599571228
1,12,0,1,0,6,10,6.34738922119141
1,12,0,1,0,1,13,6.26339817047119
1,12,0,1,0,1,10,7.05099010467529
1,12,1,1,0,1,6,6.17378616333008
1,11,0,1,0,1,7,6.73221111297607
1,14,0,1,0,1,13,7.24565505981445
1,13,1,1,0,6,8,5.99146509170532
1,12,0,1,0,6,15,6.56526517868042
1,14,0,1,0,1,4,6.45362520217896
1,13,0,1,0,6,7,5.96100521087646
1,12,0,1,0,1,8,6.53378915786743
1,12,0,1,0,1,16,6.44572019577026
1,15,0,1,0,6,13,6.95081520080566
1,12,0,1,0,1,6,6.35784196853638
1,12,0,1,0,6,7,6.21460819244385
1,12,0,0,0,1,16,6.6605749130249
1,13,0,1,0,1,7,6.35784196853638
1,13,0,1,0,5,6,6.26339817047119
1,17,0,1,0,1,5,5.95324277877808
1,12,0,1,0,1,11,6.43775177001953
1,16,0,1,0,1,6,6.43775177001953
1,13,0,1,0,1,7,6.16331481933594
1,14,0,1,0,1,5,6.49072408676147
1,16,0,1,0,6,2,6.05208921432495
1,14,0,1,0,1,5,6.2614917755127
0,12,0,1,0,1,8,6.43775177001953
0,16,0,1,0,1,9,6.91770601272583
0,12,0,1,0,1,8,6.39859485626221
0,12,0,1,0,1,9,6.69456195831299
0,12,0,1,0,1,10,6.05444002151489
0,12,0,1,0,1,12,6.96602392196655
0,12,0,1,0,1,8,6.02586603164673
0,12,0,1,0,1,12,6.19847917556763
0,12,0,1,0,1,9,5.7838249206543
0,12,0,1,0,4,10,5.61677122116089
0,12,0,1,0,6,7,5.67332315444946
0,18,0,1,1,1,7,6.5944128036499
0,14,0,1,1,1,6,6.19031476974487
0,14,0,1,0,6,4,5.8200831413269
0,12,0,1,0,1,9,6.58617210388184
0,13,0,0,0,1,6,6.0867748260498
0,16,0,0,0,1,5,6.46302890777588
0,12,0,1,0,6,10,5.92692613601685
0,12,0,1,0,1,7,6.17586708068848
0,14,0,1,0,1,9,6.82979393005371
0,12,0,1,0,4,8,6.24222278594971
0,12,0,1,0,1,15,6.97072982788086
0,12,0,1,0,1,10,6.45833778381348
0,12,0,1,0,1,14,6.60529804229736
0,12,0,1,0,1,8,6.2005090713501
0,10,0,1,1,1,8,6.47697305679321
0,7,0,1,0,4,18,5.73010015487671
0,16,0,1,0,1,8,6.44413089752197
0,13,0,0,0,1,9,6.01371479034424
0,18,0,1,0,6,9,6.39693021774292
0,12,0,0,0,1,10,6.61338376998901
0,17,0,1,0,1,8,6.43775177001953
0,12,0,0,0,1,11,6.30809783935547
0,15,0,0,0,6,3,5.7868971824646
0,9,0,0,0,1,11,5.55295896530151
1,12,0,1,0,1,8,6.77422380447388
1,12,0,0,0,1,7,6.45990514755249
1,11,0,0,0,1,16,6.50278997421265
1,14,0,1,1,1,9,6.22257614135742
1,17,0,1,1,6,2,5.74620294570923
1,18,0,1,1,1,3,6.91770601272583
1,10,0,0,0,1,17,6.90775489807129
1,16,0,0,0,1,6,6.58063888549805
1,12,0,0,0,1,9,6.66568422317505
1,12,0,0,0,1,16,6.30261898040771
1,12,0,0,0,4,7,6.71901321411133
1,12,0,0,0,1,7,5.06890392303467
1,10,0,0,0,1,11,6.55108022689819
1,13,0,0,0,1,9,6.58063888549805
1,12,0,0,0,1,6,5.71702814102173
1,16,0,1,0,6,3,6.31535816192627
1,14,0,1,1,1,6,6.29526615142822
1,16,0,0,0,1,2,6.2324481010437
1,16,0,0,0,1,2,5.95324277877808
0,12,0,1,0,1,14,7.27378702163696
0,16,0,1,0,1,10,6.77878522872925
0,13,0,1,0,6,5,6.90775489807129
0,12,0,0,0,1,10,6.76041507720947
0,12,0,0,0,1,9,6.60664987564087
0,12,0,0,0,1,16,6.7900972366333
0,15,0,1,0,1,8,6.12686920166016
1,12,0,1,0,1,16,6.10924816131592
1,12,0,1,0,1,16,6.55108022689819
1,14,0,1,0,1,13,6.61204099655151
1,16,0,1,0,1,10,6.7900972366333
1,18,0,1,0,1,8,6.53958606719971
1,18,0,0,0,1,9,6.40357398986816
1,18,0,1,0,1,6,6.43775177001953
1,14,0,1,0,1,13,6.61472606658936
1,18,0,1,0,1,9,6.58755016326904
1,12,0,1,0,1,12,6.32793712615967
1,12,0,0,0,1,8,6.04973411560059
1,12,0,0,0,1,8,5.99146509170532
1,14,0,1,0,5,6,5.52146100997925
1,13,0,1,0,1,7,6.4707989692688
1,12,0,1,0,1,6,6.39359092712402
1,12,0,1,0,5,9,6.90775489807129
1,12,0,0,0,1,10,6.26909589767456
1,12,0,0,0,4,8,6.17586708068848
1,12,0,0,0,1,15,6.74523591995239
1,14,0,0,0,1,10,6.22653722763062
1,12,0,1,0,1,11,6.23832511901855
1,11,0,1,0,6,9,5.39362812042236
1,16,0,1,0,6,2,5.03695201873779
1,12,0,1,0,1,13,5.48063898086548
1,12,0,1,0,1,10,6.32256507873535
1,15,0,1,0,6,6,6.21460819244385
1,16,0,1,0,1,4,5.91889381408691
1,10,0,0,0,5,9,5.85793304443359
1,12,0,0,0,1,8,6.36990118026733
1,13,0,0,0,5,7,6.2441668510437
0,12,0,0,0,5,11,5.96614694595337
0,16,0,0,0,4,3,5.63478899002075
0,12,0,0,0,1,15,6.53669214248657
0,12,0,0,0,1,8,5.70378303527832
0,17,0,0,0,1,4,6.45362520217896
0,13,0,0,0,1,7,5.83481121063232
0,16,0,0,0,1,4,6.22455787658691
0,13,0,0,0,1,5,5.87493085861206
0,12,0,0,0,1,15,5.56834506988525
0,10,0,0,0,1,16,5.99146509170532
0,13,0,0,0,1,10,6.60664987564087
0,12,0,0,0,1,16,5.83481121063232
0,15,0,0,0,6,8,5.62040090560913
0,9,0,0,0,6,9,6.05678415298462
0,12,0,0,0,1,7,5.47646284103394
0,13,0,0,0,1,5,5.95324277877808
0,12,0,0,0,1,11,5.85793304443359
0,12,0,0,0,1,11,6.39526176452637
0,15,0,1,0,1,10,6.62007284164429
0,16,0,0,0,1,11,6.53958606719971
0,12,0,0,0,1,16,4.99043321609497
1,12,0,1,0,1,8,5.63478899002075
1,18,0,1,0,1,8,6.64509105682373
1,13,0,1,0,4,13,6.91770601272583
1,14,0,0,0,1,6,6.24804306030273
1,16,0,0,0,6,4,5.99146509170532
1,12,0,0,0,1,7,5.92692613601685
1,12,0,0,0,1,13,6.39024114608765
1,7,0,0,0,1,18,5.85793304443359
1,11,0,0,0,1,16,6.03308582305908
1,16,0,0,0,5,7,5.82304620742798
1,18,0,0,0,6,2,6.17586708068848
1,12,0,0,0,1,10,6.21460819244385
1,12,0,0,0,4,9,5.72031211853027
1,10,0,0,0,1,18,6.10924816131592
1,16,0,1,0,1,7,6.64509105682373
1,16,0,1,0,6,4,6.58063888549805
1,13,0,1,0,1,10,6.90775489807129
1,14,0,1,0,1,10,6.43775177001953
1,16,0,1,0,1,4,6.70563888549805
1,12,0,1,0,1,16,5.93224477767944
1,12,0,1,0,1,15,6.56244421005249
1,14,0,1,0,1,4,6.01859283447266
1,13,0,1,0,1,13,7.19967794418335
1,12,0,0,0,1,16,6.57367992401123
1,10,1,1,0,4,16,5.25749492645264
1,16,1,1,0,6,10,6.68085479736328
1,16,1,1,0,1,12,6.82871198654175
1,15,1,1,0,6,5,5.48063898086548
1,13,0,1,0,1,6,6.43775177001953
1,8,0,1,0,1,10,6.93244791030884
1,12,1,0,1,1,10,6.22059011459351
1,16,0,1,0,1,6,6.13556480407715
1,16,0,0,0,1,3,6.16541814804077
1,15,0,1,1,4,5,6.21460819244385
1,12,0,0,0,1,16,6.90775489807129
1,13,0,0,0,1,15,6.49677515029907
1,15,0,1,0,1,13,6.56103086471558
1,16,0,1,1,1,9,6.83303213119507
1,12,0,0,0,1,6,5.70378303527832
1,15,0,1,0,1,6,5.89989805221558
1,12,0,1,0,1,12,6.46925020217896
1,18,0,0,0,1,1,6.13556480407715
1,18,0,1,0,1,9,6.93342304229736
1,12,0,1,0,1,6,6.26339817047119
1,18,0,1,0,6,5,5.92692613601685
1,18,0,1,0,1,10,7.33823776245117
1,18,0,1,0,5,9,6.82762908935547
1,13,0,1,0,4,7,6.34212207794189
1,14,0,1,0,6,5,6.39693021774292
1,15,0,1,0,1,6,6.58063888549805
1,17,0,1,0,6,1,7.01750612258911
1,14,0,1,0,1,7,6.56807804107666
1,16,0,1,0,1,7,6.69456195831299
1,11,0,1,0,1,10,6.82979393005371
1,9,0,1,0,4,10,6.30991792678833
1,12,0,1,0,6,8,5.60211896896362
1,7,0,1,0,1,19,6.72503423690796
1,12,0,1,0,1,12,7.09007692337036
1,14,0,1,0,1,13,6.36475086212158
1,17,1,1,0,1,11,6.5308780670166
1,18,1,1,0,1,8,6.90775489807129
1,13,1,1,0,6,5,6.28599786758423
1,12,1,1,0,1,10,6.53669214248657
1,12,0,1,0,6,10,6.21460819244385
1,13,0,1,0,1,14,6.62007284164429
1,17,0,1,1,1,6,6.81673622131348
1,15,0,1,0,6,3,6.39693021774292
1,16,0,1,0,6,2,6.35784196853638
1,12,0,1,0,1,8,6.39859485626221
1,12,0,1,0,1,13,6.35784196853638
1,12,0,1,0,5,14,6.51767110824585
1,18,1,1,0,1,3,6.15909481048584
1,14,0,1,0,1,4,5.85793304443359
1,15,0,1,0,1,11,6.42971897125244
1,16,0,1,0,6,2,5.93489408493042
1,16,0,1,0,6,3,5.49306201934814
1,12,0,1,0,4,8,6.62007284164429
1,18,0,0,0,1,6,6.08904504776001
1,14,0,1,0,6,9,6.53378915786743
1,18,0,0,0,1,1,6.21660614013672
1,12,0,1,0,6,11,5.99146509170532
1,12,0,1,0,1,8,6.88857316970825
1,14,0,1,1,1,10,6.47543287277222
1,12,0,1,0,1,14,6.43775177001953
1,16,1,1,0,1,6,6.56103086471558
1,12,0,1,0,4,11,6.94985580444336
1,12,0,1,0,1,9,6.63463401794434
1,13,0,0,0,1,6,6.2614917755127
1,13,1,1,0,1,8,6.3543701171875
1,14,1,1,0,6,6,6.76273012161255
1,12,1,1,0,1,10,6.56948089599609
1,16,0,1,0,1,5,6.5117449760437
1,12,0,1,0,1,7,6.49526500701904
1,14,0,1,0,1,9,6.29710912704468
1,13,0,1,0,6,6,6.26339817047119
1,12,0,1,0,1,10,6.46146821975708
1,12,0,1,0,6,8,5.69373178482056
1,8,1,1,0,5,19,6.85329914093018
1,12,1,1,0,1,16,6.21460819244385
1,13,1,1,0,4,6,6.42971897125244
1,12,1,1,0,1,7,5.62401819229126
1,10,0,0,1,1,10,5.48063898086548
1,10,0,0,1,6,9,5.48063898086548
1,12,0,1,0,1,15,6.13556480407715
1,12,1,1,0,6,9,6.00141477584839
1,12,1,1,0,1,7,6.10924816131592
1,12,1,1,0,6,6,5.52146100997925
1,11,1,1,0,4,9,6.58892583847046
1,12,1,1,0,1,6,6.50278997421265
1,12,1,1,0,4,10,6.86901378631592
1,14,0,1,0,6,7,6.62007284164429
1,14,0,1,0,6,5,6.50278997421265
1,17,0,0,0,1,11,6.53958606719971
1,12,1,1,0,1,7,6.14203691482544
1,12,1,1,0,5,12,6.46302890777588
1,11,1,1,0,1,12,6.56526517868042
1,13,1,1,0,6,6,6.05208921432495
1,12,0,1,0,1,9,6.72503423690796
1,12,0,1,0,1,8,5.73010015487671
1,16,0,1,0,4,7,6.43775177001953
1,16,0,1,0,1,10,7.27378702163696
1,16,0,1,0,1,3,6.5117449760437
1,17,0,1,0,1,5,7.20489311218262
1,17,0,1,0,4,10,5.99146509170532
1,9,0,0,0,1,19,6.24997520446777
1,14,0,1,0,1,6,6.12249279022217
1,17,0,1,1,1,10,6.01371479034424
1,18,0,1,0,6,10,6.32614898681641
1,12,1,1,0,1,6,5.43807888031006
1,17,0,1,0,6,4,6.93342304229736
1,12,0,1,0,1,9,6.98656702041626
1,14,0,1,0,1,4,7.09174203872681
1,17,0,0,0,1,2,5.796058177948
1,18,0,1,0,6,3,6.17586708068848
1,18,0,1,1,6,0,6.5117449760437
1,17,0,1,0,6,8,7.42833280563354
1,16,0,1,0,1,12,7.15617704391479
1,12,0,1,0,6,6,6.35784196853638
1,18,0,1,0,6,3,6.0958251953125
1,16,1,1,0,6,6,6.17586708068848
1,12,1,1,0,6,6,6.14632892608643
1,6,0,1,0,1,19,6.50428819656372
1,15,0,1,0,1,6,5.65599203109741
1,18,0,1,0,1,9,6.35784196853638
1,14,0,1,0,1,9,6.58063888549805
1,12,0,1,0,1,7,6.13556480407715
1,15,0,1,0,1,4,6.62007284164429
1,12,0,1,0,6,6,5.29831695556641
1,12,0,1,0,1,9,6.47697305679321
1,18,0,1,0,6,4,6.17586708068848
1,11,0,1,0,1,7,6.39693021774292
1,16,0,1,1,1,6,6.64509105682373
1,17,0,1,0,1,4,6.65286302566528
1,16,0,1,0,1,2,6.46302890777588
1,14,0,1,0,1,13,6.96129608154297
1,16,0,1,0,6,9,6.51619291305542
1,12,0,1,0,6,10,6.53813982009888
1,17,0,1,0,1,7,6.86901378631592
1,13,0,1,0,5,9,5.99146509170532
1,16,0,1,0,1,5,6.5117449760437
1,18,1,1,0,1,10,7.27378702163696
1,18,0,1,0,1,8,6.27098798751831
1,14,1,1,0,1,7,6.55108022689819
1,8,1,1,0,1,20,6.51471281051636
1,18,0,1,0,1,1,6.20253610610962
1,12,0,1,0,1,6,6.21460819244385
1,16,1,1,0,6,2,6.10924816131592
1,13,1,1,0,6,6,6.39859485626221
1,13,1,1,0,6,9,6.57507610321045
1,12,1,1,0,5,11,6.3543701171875
1,12,1,1,0,1,7,5.85793304443359
1,12,1,1,0,6,6,5.85793304443359
1,16,0,1,0,1,7,6.46614503860474
1,15,0,1,0,1,3,6.51471281051636
1,15,0,1,0,1,7,6.52062082290649
1,12,0,1,0,4,9,6.28039598464966
1,16,0,1,0,1,9,6.2614917755127
1,16,0,1,1,6,6,6.50278997421265
1,14,0,1,0,1,6,5.91350317001343
1,15,0,1,0,6,5,6.48920488357544
1,12,1,1,0,NA,16,6.55108022689819
1,18,0,1,0,6,3,5.7397928237915
1,9,0,1,0,1,18,6.73459100723267
1,14,0,1,0,1,11,6.4922399520874
1,16,0,1,0,1,9,6.53958606719971
1,15,0,1,0,1,7,6.35784196853638
1,17,0,1,0,6,3,6.55819797515869
1,16,0,1,1,1,5,5.67675399780273
1,13,0,1,0,1,7,6.62007284164429
1,16,0,1,0,1,12,7.27378702163696
1,16,0,1,0,1,11,7.09174203872681
1,15,0,1,1,1,12,7.37963199615479
1,14,0,1,1,4,12,6.64509105682373
1,16,0,1,0,6,9,6.24027585983276
1,12,0,1,0,1,13,6.69084215164185
1,17,0,1,0,1,11,6.86901378631592
1,12,0,1,0,1,7,6.51471281051636
1,13,0,1,0,1,5,5.98645210266113
1,14,0,1,0,1,13,6.75110101699829
1,11,1,1,0,1,8,6.54102993011475
1,11,1,1,0,5,7,6.46302890777588
1,13,1,1,0,1,8,5.84354400634766
1,12,1,1,0,5,9,6.32972097396851
1,12,1,1,0,1,6,6.52795791625977
1,16,0,1,1,1,7,6.1506028175354
1,16,0,1,0,6,4,5.70378303527832
1,18,0,1,0,1,1,6.5117449760437
1,16,0,1,0,6,2,5.95324277877808
1,16,0,1,0,1,11,6.69456195831299
1,17,0,1,0,6,1,6.30627489089966
1,16,0,1,0,6,4,6.21460819244385
1,13,0,1,0,1,10,6.58892583847046
1,16,0,1,0,1,6,6.2614917755127
1,15,1,1,0,6,3,6.10924816131592
1,12,1,1,0,1,10,6.62671804428101
1,12,1,1,0,1,6,6.46146821975708
1,12,1,1,0,1,6,5.74620294570923
1,12,0,1,0,1,11,7.26192712783813
1,12,0,1,0,6,10,6.63463401794434
1,12,0,1,0,1,8,6.39693021774292
1,16,0,1,0,1,10,7.01301622390747
1,16,0,1,0,1,11,6.63725805282593
1,12,0,1,0,1,14,6.47697305679321
1,14,0,1,0,1,7,7.05185604095459
1,12,0,1,0,1,6,6.39693021774292
1,12,0,1,0,1,11,6.31896781921387
1,11,0,1,0,1,11,6.29710912704468
1,11,0,1,0,1,8,6.30991792678833
1,11,0,1,0,1,14,6.68461179733276
1,11,0,1,0,1,9,6.90775489807129
1,12,0,1,0,1,13,6.76157283782959
1,13,0,1,0,1,13,6.41836500167847
1,16,0,1,0,1,2,6.25190401077271
1,13,1,1,0,1,11,6.56103086471558
1,13,1,1,0,1,7,6.70686197280884
1,10,1,1,0,6,9,5.70378303527832
1,16,0,1,0,1,8,6.55393409729004
1,16,0,1,0,1,12,7.1869010925293
1,12,1,1,0,1,9,5.9401707649231
1,11,1,1,0,6,9,5.99146509170532
1,11,1,1,0,1,8,6.21059989929199
1,10,1,1,0,1,17,6.49677515029907
1,10,1,1,0,5,17,6.39693021774292
1,18,0,0,1,1,8,6.94118976593018
1,14,0,1,0,6,5,6.98378992080688
1,18,0,1,1,6,0,5.99146509170532
1,16,0,1,0,6,11,6.46302890777588
1,12,0,1,0,1,14,6.42971897125244
1,17,0,1,0,4,7,6.17586708068848
1,16,0,1,0,6,11,6.96413612365723
1,12,0,1,0,1,8,6.30078601837158
1,14,0,1,0,6,6,6.66695690155029
1,18,0,1,0,6,1,6.18414878845215
1,14,0,1,0,1,14,6.58202505111694
1,15,0,1,0,1,7,6.54391193389893
1,15,0,1,0,4,13,6.30809783935547
1,15,0,1,0,1,11,6.67582321166992
1,16,0,1,1,1,11,7.56164216995239
1,15,0,1,0,1,12,6.67582321166992
1,15,0,1,0,5,7,6.80239486694336
1,14,0,1,0,1,12,6.48310804367065
1,12,0,1,0,6,9,6.24027585983276
1,14,0,1,0,4,9,5.95064306259155
1,16,0,0,1,1,5,6.21460819244385
1,15,0,1,0,6,4,6.39859485626221
1,12,0,1,0,1,9,6.08221912384033
1,12,0,1,0,6,7,6.21460819244385
1,18,0,1,0,1,9,7.14203596115112
1,14,0,1,1,1,6,6.61606502532959
1,14,0,1,0,1,7,6.24027585983276
1,12,0,1,1,1,15,6.55108022689819
1,16,0,1,0,1,7,6.51025819778442
1,17,0,1,0,6,7,6.89060878753662
1,13,0,0,0,1,10,5.39362812042236
1,18,0,1,0,1,9,7.09174203872681
1,12,0,0,0,1,12,6.50278997421265
1,14,1,1,0,1,8,6.73101806640625
1,15,0,1,0,1,4,6.0958251953125
1,12,0,1,0,6,7,6.29710912704468
1,14,0,1,1,1,10,6.22455787658691
1,12,0,0,0,1,13,6.68085479736328
1,9,0,1,0,1,9,5.87773609161377
1,12,0,1,0,1,9,6.21460819244385
1,12,0,1,0,1,16,6.86901378631592
1,11,0,1,0,6,11,5.85793304443359
1,15,0,1,0,6,3,5.74620294570923
1,16,0,1,1,1,2,4.76217412948608
1,12,0,1,0,1,15,6.58755016326904
1,13,1,1,0,1,14,6.28413391113281
1,13,1,1,1,1,7,6.27664279937744
1,17,1,1,1,1,5,6.05912303924561
1,16,0,1,0,1,12,6.99759578704834
1,12,0,1,0,1,15,7.56268119812012
1,18,0,1,1,1,8,6.74523591995239
1,12,0,1,0,6,6,5.89989805221558
1,16,0,1,0,6,4,6.16120719909668
1,13,0,1,0,1,7,6.48616123199463
1,12,0,1,0,6,7,6.0867748260498
1,14,0,1,0,1,5,6.13556480407715
0,16,0,1,0,1,6,6.5117449760437
0,12,0,1,0,1,6,7.04751682281494
0,12,0,1,0,4,13,6.68461179733276
0,12,0,1,0,6,7,6.13122701644897
0,12,0,1,0,1,8,5.81114101409912
0,13,0,1,0,1,7,6.55393409729004
0,12,0,1,0,4,7,6.2614917755127
1,7,0,0,0,1,20,6.50278997421265
1,18,0,1,0,1,2,6.46302890777588
1,12,0,1,0,1,6,6.68461179733276
1,12,0,1,0,1,14,6.35784196853638
1,18,0,0,0,1,8,6.04737186431885
1,18,0,1,0,1,5,6.77307987213135
1,15,0,1,0,1,7,6.46146821975708
0,16,0,1,1,1,7,7.00397396087646
0,16,0,1,0,1,4,6.47543287277222
0,12,0,1,1,1,8,6.10924816131592
0,12,0,1,0,4,15,6.82871198654175
0,11,0,1,0,1,10,6.54821920394897
0,15,1,1,0,1,13,6.22455787658691
0,16,0,1,1,1,6,6.32076787948608
0,17,0,0,0,6,2,5.92692613601685
0,15,0,1,1,1,7,6.5117449760437
0,13,0,1,0,1,11,5.73010015487671
0,12,0,1,0,1,16,6.37161207199097
0,12,0,1,0,4,6,6.6605749130249
1,12,0,1,0,1,9,6.48616123199463
1,12,0,1,0,1,10,6.04737186431885
1,16,0,1,0,1,6,7.15617704391479
1,12,0,1,0,1,7,6.86901378631592
1,12,0,1,0,1,12,6.68461179733276
1,12,0,1,0,1,15,6.62007284164429
1,18,0,1,0,4,5,6.47234582901001
1,12,0,1,0,4,11,6.84375
1,17,0,1,0,4,5,6.28599786758423
1,15,0,1,0,6,3,5.66988086700439
1,12,0,0,1,1,11,5.25749492645264
1,18,0,1,0,1,6,6.70686197280884
1,18,0,1,0,1,6,6.70073080062866
1,12,0,1,0,1,11,6.58892583847046
1,12,0,1,0,1,6,7.02553796768188
1,17,1,1,0,1,5,6.42162179946899
1,12,1,1,0,6,8,5.99893712997437
1,11,0,1,0,1,9,6.55819797515869
1,15,0,1,0,1,6,5.8200831413269
1,17,0,1,0,1,5,6.72503423690796
1,17,0,1,0,1,3,5.25749492645264
1,12,0,1,0,1,8,6.59304523468018
1,10,0,1,0,1,10,6.29526615142822
1,12,0,0,0,1,10,6.71295595169067
1,12,0,1,1,1,8,6.08221912384033
1,14,0,1,1,1,4,6.59987115859985
1,16,0,1,0,6,2,6.05678415298462
1,12,0,0,0,1,12,5.82894611358643
1,13,0,1,1,1,15,6.17586708068848
1,16,0,1,0,1,10,6.70563888549805
1,12,0,0,0,1,10,6.21460819244385
1,12,1,1,0,1,7,6.29710912704468
1,16,0,1,0,1,4,6.10255908966064
1,15,0,0,0,1,4,5.37989711761475
1,8,0,1,0,1,12,5.61677122116089
1,15,1,1,0,5,3,5.86363077163696
1,12,0,0,0,1,11,6.58063888549805
1,12,0,0,0,1,9,6.91572284698486
1,17,0,1,0,1,6,6.48310804367065
1,16,0,1,0,1,4,6.68835401535034
1,12,0,1,0,1,9,6.34563589096069
1,16,0,1,0,1,3,6.39693021774292
1,12,0,1,0,1,6,6.46925020217896
1,13,0,1,0,1,7,6.10924816131592
1,13,0,1,1,6,7,6.09807395935059
1,15,0,0,0,1,8,6.38012313842773
1,14,0,1,0,1,5,6.58063888549805
1,12,0,1,0,1,14,6.54102993011475
1,13,0,1,1,6,7,6.27098798751831
1,9,0,1,0,1,15,6.15273284912109
1,16,0,1,0,1,4,6.17586708068848
1,16,0,1,0,1,3,6.13556480407715
1,17,0,1,0,1,10,6.3171648979187
1,14,0,1,0,4,12,6.76273012161255
1,16,0,0,0,1,8,6.56948089599609
1,12,0,0,0,1,6,6.60664987564087
1,14,0,1,0,4,8,6.70563888549805
1,12,0,1,0,1,16,6.51767110824585
1,16,0,1,0,1,7,6.68085479736328
1,13,0,1,0,1,5,6.64509105682373
1,16,0,1,0,1,3,6.13556480407715
1,14,0,1,0,1,4,6.25190401077271
1,12,0,0,0,1,7,5.97381019592285
1,13,0,1,1,1,13,6.68461179733276
0,17,0,1,0,1,4,6.5117449760437
0,16,0,0,0,1,11,6.17586708068848
0,12,0,0,0,1,14,6.81454277038574
0,12,0,0,0,1,7,6.17586708068848
0,11,0,0,0,1,16,6.21460819244385
0,16,0,0,0,1,2,5.95324277877808
0,12,0,1,0,1,6,6.07764196395874
0,12,0,0,0,1,7,6.26530122756958
0,14,0,0,0,6,9,6.81673622131348
0,16,0,0,0,6,3,6.29526615142822
0,13,0,0,0,1,9,6.64509105682373
0,12,0,0,0,6,6,5.42053508758545
0,18,0,0,0,1,3,6.56667184829712
0,18,0,0,0,1,10,5.84643888473511
0,12,0,0,0,1,14,6.66822814941406
0,14,0,1,0,1,6,6.12029695510864
0,16,0,1,0,6,2,6.13122701644897
0,13,0,0,0,1,7,5.62401819229126
0,17,0,1,0,1,11,6.69456195831299
0,14,0,0,0,1,7,6.43615102767944
0,12,0,1,0,1,8,6.5467848777771
0,14,0,0,0,1,6,5.93489408493042
0,12,0,0,0,1,6,6.15909481048584
0,12,0,0,0,1,6,6.05208921432495
0,16,0,0,0,1,2,6.47543287277222
0,15,0,1,0,1,4,6.19644403457642
0,18,0,0,0,4,2,6.82871198654175
0,12,0,0,0,1,6,5.85793304443359
0,13,0,0,0,1,6,6.39693021774292
0,9,0,0,0,1,16,6.06145715713501
0,12,0,0,0,1,8,6.21460819244385
0,9,0,0,0,6,9,6.21460819244385
0,8,0,0,0,1,20,5.85793304443359
0,14,0,0,0,1,7,5.91350317001343
0,16,0,0,0,1,2,5.9401707649231
0,14,0,0,0,1,5,5.52146100997925
0,18,0,1,0,1,6,6.22653722763062
0,12,0,1,0,1,9,6.42810487747192
0,16,0,0,0,1,2,5.94280004501343
0,12,0,0,0,1,12,5.88887786865234
0,12,0,1,0,1,10,6.37672710418701
0,12,0,1,0,1,6,5.85793304443359
0,12,0,1,0,1,14,6.18208503723145
0,11,0,0,0,1,17,6.7274317741394
0,10,0,1,0,1,13,6.28226709365845
1,17,0,0,0,6,5,5.95324277877808
1,11,0,0,0,4,8,6.10924816131592
1,16,0,0,0,1,6,6.19644403457642
1,12,0,0,0,1,6,6.81783103942871
1,18,0,1,0,1,8,6.7226300239563
1,12,0,0,0,1,12,6.07304382324219
1,12,0,0,0,1,8,6.55108022689819
1,10,0,0,0,1,10,6.29526615142822
1,16,0,0,0,6,2,5.44241809844971
0,12,0,0,0,1,16,5.97888612747192
0,12,0,1,0,1,7,6.58063888549805
0,12,0,0,0,4,7,7.07918500900269
0,12,0,1,0,1,7,6.21660614013672
1,16,0,1,0,6,2,5.81711101531982
1,12,0,0,0,1,14,6.33682584762573
0,17,0,0,1,1,11,6.87109088897705
0,12,0,1,0,1,15,7.22548198699951
0,12,0,1,0,1,10,6.68461179733276
0,12,0,1,0,1,12,6.41181898117065
0,16,0,1,0,1,3,6.50727701187134
0,11,0,1,0,1,8,6.09807395935059
0,13,0,1,0,1,6,6.18414878845215
0,18,0,0,0,1,8,6.56526517868042
0,12,0,0,0,1,14,6.85961484909058
0,11,0,0,0,1,8,6.17378616333008
0,13,0,1,0,1,8,6.21460819244385
0,16,0,1,1,6,4,6.12468290328979
1,18,0,0,0,1,0,6.58063888549805
1,12,0,0,0,1,6,6.59714603424072
1,12,0,0,0,1,15,5.7990927696228
1,12,0,0,0,1,9,6.01615715026855
1,12,0,0,0,1,9,6.18620920181274
1,18,0,1,1,1,7,6.86901378631592
1,16,0,0,0,1,2,5.88332176208496
0,12,0,0,0,6,6,5.7990927696228
0,12,0,0,0,1,10,6.43775177001953
0,12,0,0,0,1,8,6.2045578956604
0,12,0,0,0,1,11,6.48157691955566
0,12,0,0,0,1,9,6.58202505111694
0,12,0,0,0,1,7,6.55677795410156
0,9,0,0,0,1,14,6.24222278594971
0,12,0,1,0,4,13,6.43775177001953
0,18,0,0,0,6,5,6.4329400062561
0,15,0,1,0,1,5,6.05678415298462
0,12,0,0,0,1,11,6.48157691955566
0,12,0,0,0,1,12,6.46614503860474
0,12,0,1,0,1,16,6.3543701171875
0,13,0,0,1,1,15,5.74620294570923
0,18,0,0,0,1,0,6.49828195571899
0,13,0,0,0,6,13,6.31896781921387
0,18,0,1,0,6,0,5.70378303527832
0,15,0,0,0,1,7,6.4645881652832
0,14,0,1,0,1,8,6.50278997421265
0,18,0,1,0,1,4,7.185387134552
0,12,0,1,0,1,6,6.22257614135742
0,16,0,1,0,1,3,6.6605749130249
0,14,0,1,0,4,5,6.70563888549805
0,12,0,0,0,6,10,6.25382900238037
0,12,0,0,0,1,9,6.35784196853638
0,11,0,0,0,1,8,5.92692613601685
0,12,0,0,0,1,6,6.21460819244385
0,16,0,1,0,6,6,6.43775177001953
0,16,0,0,0,1,12,6.52795791625977
0,14,0,0,0,1,6,6.15273284912109
0,13,0,0,0,1,8,6.44254016876221
0,13,0,0,0,6,5,6.26339817047119
0,12,0,0,0,1,14,6.3171648979187
1,16,0,1,0,6,3,6.46302890777588
1,13,0,1,0,1,15,6.24027585983276
1,12,0,1,0,1,9,6.40357398986816
1,13,0,1,0,1,14,6.55108022689819
1,12,0,1,0,1,15,6.40687990188599
1,12,0,1,0,1,15,6.92853784561157
1,12,0,1,0,6,13,6.57088279724121
1,12,0,1,0,1,10,6.21460819244385
1,12,0,1,0,1,10,6.36818695068359
1,12,0,1,0,1,13,6.55961513519287
1,16,0,0,0,1,8,6.25382900238037
1,16,0,1,0,1,7,6.48616123199463
1,16,0,1,0,1,6,6.52795791625977
1,13,0,1,0,1,6,5.62040090560913
1,13,1,1,0,1,15,6.56103086471558
1,12,0,1,0,1,16,6.66949796676636
1,18,0,1,0,1,7,7.18462896347046
1,14,0,1,0,6,8,6.00141477584839
1,16,0,1,0,1,3,5.70378303527832
1,12,0,1,0,1,8,6.5117449760437
1,12,0,1,0,1,16,6.58202505111694
1,16,0,0,0,1,4,6.64509105682373
1,16,0,0,0,1,8,6.6333179473877
1,18,0,0,0,1,6,6.07304382324219
1,13,0,0,0,1,15,7.08338785171509
1,17,0,0,0,1,8,6.13556480407715
1,12,0,0,0,1,6,5.91350317001343
1,12,0,0,0,6,12,6.16331481933594
1,12,0,0,0,1,10,6.07534599304199
1,12,0,0,0,6,8,5.80513477325439
1,16,0,1,0,6,9,6.46146821975708
1,12,0,0,0,1,16,6.22455787658691
1,16,0,0,0,1,7,6.43775177001953
1,12,0,0,0,1,13,6.13556480407715
1,17,0,1,1,1,4,6.70563888549805
1,17,0,1,0,1,1,6.07073783874512
1,14,0,1,0,6,5,6.46302890777588
1,15,0,0,0,4,4,5.41610097885132
1,15,1,1,0,1,13,6.58063888549805
1,16,0,1,0,6,4,6.58202505111694
1,16,0,1,0,1,7,6.70563888549805
1,16,0,1,0,1,5,6.49828195571899
1,18,0,1,0,1,4,6.79905605316162
1,11,0,1,0,1,17,6.67582321166992
1,15,0,1,0,1,10,6.28971576690674
1,11,0,1,0,1,10,6.79905605316162
1,15,0,1,0,1,9,6.58063888549805
1,13,0,1,0,1,5,6.82979393005371
1,12,0,1,0,1,10,6.23048210144043
1,16,0,1,0,6,10,6.83410882949829
1,17,0,1,0,1,10,6.55819797515869
1,12,0,1,0,1,12,6.76273012161255
1,16,0,1,0,1,2,6.25382900238037
1,12,0,1,0,1,6,6.03308582305908
1,15,0,1,0,6,5,5.58349609375
1,15,0,1,0,6,3,6.43775177001953
1,12,0,1,0,1,13,6.84588003158569
1,16,0,1,0,6,3,6.64118194580078
1,9,0,1,0,1,14,6.68586111068726
1,15,0,1,0,6,7,6.56103086471558
1,12,0,1,0,1,12,6.52795791625977
1,16,0,1,0,1,4,6.03308582305908
1,18,0,1,0,6,5,6.39693021774292
1,15,0,1,0,4,4,6.5250301361084
1,18,0,0,0,1,7,6.82219696044922
1,12,0,1,0,1,14,6.60394382476807
1,12,0,1,0,4,10,7.06219100952148
1,11,0,1,0,1,12,6.63987588882446
1,12,0,1,0,5,8,6.86901378631592
1,18,0,1,0,6,3,5.70378303527832
1,16,0,1,0,6,2,6.48920488357544
1,12,0,1,0,1,8,6.13556480407715
1,12,0,1,0,1,6,6.58063888549805
1,12,0,1,0,1,7,6.76273012161255
1,11,0,1,0,1,7,6.39024114608765
1,12,0,1,0,1,14,6.81234502792358
1,12,0,1,0,1,11,6.95559310913086
1,13,0,1,1,1,15,6.12029695510864
1,12,1,0,1,6,9,6.51471281051636
1,12,1,1,0,6,6,6.58063888549805
1,7,1,1,0,1,20,6.39693021774292
1,12,1,1,0,6,10,6.82979393005371
1,12,0,1,0,1,10,6.62007284164429
1,12,0,1,0,1,10,6.33328008651733
1,14,0,1,0,1,6,6.43775177001953
1,10,0,0,0,1,13,5.70378303527832
1,12,0,0,0,1,9,7.22983884811401
1,14,0,1,0,1,5,6.15273284912109
1,12,0,1,0,1,10,6.66949796676636
1,16,0,1,0,1,3,5.43807888031006
0,10,0,0,0,4,11,5.96357917785645
0,12,0,1,0,1,15,5.75257301330566
0,17,0,1,0,1,6,5.87211799621582
0,8,0,1,0,1,12,6.21460819244385
0,11,0,0,0,1,16,6.47697305679321
0,12,0,1,0,6,9,6.70318794250488
0,13,0,0,0,6,7,6.47543287277222
0,12,0,1,0,1,11,6.07534599304199
0,11,0,0,0,1,10,6.39693021774292
0,13,0,1,1,1,7,5.32787609100342
0,12,0,1,1,1,9,6.17586708068848
0,13,0,1,1,4,5,6.18414878845215
0,18,0,1,0,1,5,6.63200187683105
0,12,0,1,0,1,8,6.90274286270142
1,12,0,1,0,1,11,7.06219100952148
1,16,0,1,0,1,3,5.74939298629761
1,13,0,1,0,6,6,6.81892395019531
1,13,0,1,0,1,7,6.49828195571899
1,12,0,1,0,4,11,6.66313314437866
1,13,0,1,0,1,13,6.47697305679321
1,9,0,1,1,1,12,5.58724880218506
1,8,0,0,0,1,19,5.87211799621582
1,8,0,0,0,1,19,6.0867748260498
1,11,0,1,0,1,13,6.16331481933594
1,11,0,1,0,1,15,6.58755016326904
1,16,0,1,0,1,6,6.58063888549805
1,12,0,1,0,1,16,6.33328008651733
1,12,0,1,0,1,8,6.39693021774292
1,15,0,1,0,1,4,6.53958606719971
1,15,0,1,0,4,7,6.04737186431885
1,12,0,1,0,1,6,6.66695690155029
1,12,0,1,0,1,13,7.09174203872681
1,16,0,1,0,4,12,6.35784196853638
1,18,0,0,0,1,3,6.45362520217896
1,12,0,1,0,1,9,6.01615715026855
1,16,0,1,0,1,2,5.91350317001343
1,16,0,1,0,1,4,6.67076587677002
1,17,0,1,0,1,1,6.10924816131592
1,12,0,1,0,1,10,7.1316990852356
1,16,0,1,0,1,8,6.69456195831299
1,16,0,1,0,1,8,5.73010015487671
1,12,0,0,0,1,12,6.70563888549805
1,16,0,1,0,6,8,6.5117449760437
1,12,0,0,0,1,11,6.2614917755127
1,15,0,0,0,1,9,5.61677122116089
1,17,0,0,0,1,5,6.04737186431885
1,16,0,1,0,1,6,6.46302890777588
1,12,0,0,0,6,10,6.10924816131592
1,12,0,0,0,1,8,5.8081431388855
1,12,0,0,0,1,14,6.81673622131348
1,11,0,0,0,6,10,4.85202980041504
1,16,0,0,0,1,5,5.98141384124756
1,13,0,1,0,1,9,6.16331481933594
1,13,0,0,0,1,12,6.10924816131592
1,16,0,0,0,1,2,5.70378303527832
1,18,0,1,0,1,5,6.13556480407715
1,12,0,0,0,1,14,6.44572019577026
1,12,0,0,0,1,15,6.18414878845215
1,12,0,0,0,1,12,6.30809783935547
1,12,0,0,0,6,7,5.91889381408691
1,12,0,0,0,1,16,6.46302890777588
1,12,0,1,0,1,11,6.25190401077271
1,9,0,0,0,5,11,5.95324277877808
1,16,0,1,1,1,7,6.10924816131592
0,12,0,0,0,1,8,5.75257301330566
0,14,0,0,0,1,9,6.5944128036499
0,12,0,0,0,1,14,5.7838249206543
0,16,0,1,0,1,6,6.42324686050415
0,15,0,1,0,4,9,5.84643888473511
0,13,0,1,0,6,9,6.15485811233521
0,12,0,0,0,6,9,5.70378303527832
1,13,0,1,0,1,5,6.06378507614136
1,12,1,1,0,1,10,5.58724880218506
1,12,0,1,0,4,10,5.43807888031006
1,14,0,1,0,6,4,6.06842613220215
1,12,0,1,0,1,8,6.27476215362549
1,12,0,1,0,1,9,7.00306606292725
1,12,1,1,0,1,10,6.37672710418701
1,18,0,0,0,1,6,6.73459100723267
1,15,0,1,0,1,3,6.46302890777588
1,14,0,1,0,1,14,6.86901378631592
1,13,0,1,0,1,14,6.8254599571228
0,15,0,0,0,1,6,5.85793304443359
0,16,0,0,0,NA,2,5.95324277877808
0,16,0,0,0,1,11,6.42648792266846
0,13,0,1,0,1,12,6.15273284912109
0,12,0,0,0,1,9,6.01859283447266
0,12,0,0,0,1,7,5.99146509170532
0,11,0,1,0,1,16,6.55108022689819
0,15,0,1,0,1,6,5.7397928237915
0,14,0,0,1,1,4,5.49306201934814
0,12,1,1,1,5,14,5.51342916488647
0,11,1,1,0,6,13,6.04737186431885
0,11,1,1,0,5,16,6.39693021774292
0,17,1,1,0,1,2,6.55108022689819
0,12,0,1,0,6,6,5.70378303527832
0,12,0,1,0,1,6,6.53813982009888
0,12,0,1,0,1,12,6.39693021774292
0,12,0,1,0,1,12,6.55108022689819
0,14,0,0,0,6,5,5.61677122116089
0,9,1,1,0,1,19,6.51471281051636
0,17,0,1,0,1,5,6.10702276229858
0,16,0,1,0,1,8,6.45362520217896
0,14,0,0,0,1,9,7.13089895248413
0,18,0,1,0,1,5,6.86901378631592
0,18,0,0,0,6,1,6.19440603256226
0,12,0,0,0,4,6,6.37332010269165
0,14,0,0,0,1,13,6.62007284164429
0,18,0,0,0,6,2,5.7868971824646
0,18,0,1,0,1,5,6.06378507614136
0,12,0,1,0,1,8,6.34738922119141
0,16,0,0,0,1,6,6.81673622131348
0,14,0,0,0,1,10,6.35784196853638
0,11,0,0,0,1,15,6.07073783874512
0,12,0,0,0,1,6,6.22455787658691
1,18,0,0,0,1,10,6.58063888549805
1,16,0,1,0,1,11,6.86901378631592
1,12,0,1,0,4,13,6.41181898117065
1,12,0,0,0,1,7,6.10924816131592
0,12,0,0,0,1,15,6.43775177001953
0,14,0,0,0,1,6,6.56948089599609
0,12,0,0,0,1,6,6.56526517868042
0,16,0,1,0,1,10,6.81673622131348
0,8,0,0,0,1,10,6.03548097610474
0,13,0,0,0,1,10,6.53958606719971
0,12,0,1,0,1,16,5.56068181991577
0,13,0,1,0,1,7,6.47697305679321
0,14,0,1,0,1,5,6.41345882415771
0,12,0,1,0,5,11,6.58755016326904
0,13,0,1,0,1,13,6.64248704910278
0,12,0,0,0,1,9,6.42971897125244
0,16,0,1,0,1,5,6.58063888549805
0,18,0,1,0,3,2,6.24610710144043
0,12,0,0,0,6,7,5.99146509170532
0,14,0,1,1,1,7,6.69456195831299
0,12,0,0,0,6,6,6.13122701644897
0,17,0,0,0,1,9,6.4645881652832
0,12,0,0,0,1,10,6.25190401077271
0,12,0,1,0,1,6,6.34212207794189
0,16,0,0,0,6,2,6.54102993011475
0,12,0,1,0,6,13,6.88550901412964
0,12,0,0,0,1,14,6.65801095962524
0,14,0,1,0,1,7,6.09357023239136
0,16,0,1,0,1,11,6.53958606719971
0,16,0,0,0,6,4,6.03308582305908
0,11,0,1,0,1,13,6.65027904510498
0,15,0,1,0,6,5,5.99146509170532
0,12,0,1,0,1,9,6.80239486694336
0,16,0,0,0,1,9,6.55108022689819
0,16,0,0,0,1,2,6.18414878845215
0,16,0,1,0,1,7,6.79570579528809
0,18,0,1,0,1,5,6.62007284164429
0,13,0,0,0,1,14,6.96129608154297
0,12,0,0,0,1,10,6.8384051322937
0,12,0,0,0,1,8,6.34212207794189
0,16,0,1,0,1,3,6.89467000961304
0,16,0,1,0,1,2,6.64509105682373
0,12,0,0,0,1,9,6.47389078140259
0,16,0,0,0,6,8,6.10702276229858
0,12,0,0,0,1,9,6.36302804946899
0,8,0,0,0,1,19,6.30991792678833
0,12,0,1,0,1,11,6.68461179733276
0,12,0,1,0,6,6,5.07517385482788
0,17,0,1,0,1,5,6.13556480407715
0,14,0,1,0,1,5,6.05208921432495
0,8,0,1,0,1,18,6.39693021774292
0,17,0,1,0,4,3,6.76388502120972
0,12,0,1,0,1,10,6.5264949798584
0,12,0,1,0,1,9,7.01661014556885
0,12,0,1,0,1,8,7.00306606292725
0,12,0,0,0,1,6,5.65599203109741
0,14,0,1,0,1,8,6.24027585983276
0,13,0,1,0,1,7,6.47697305679321
0,12,0,1,0,1,13,6.94601392745972
0,12,0,1,0,1,8,6.55108022689819
1,18,0,1,0,6,7,5.75257301330566
1,12,0,0,0,1,15,5.73657178878784
1,11,0,0,0,1,10,5.81412982940674
1,11,0,0,0,1,8,6.24997520446777
1,16,0,1,0,6,6,6.56385612487793
1,12,0,0,0,1,7,6.43454599380493
1,13,0,0,0,1,9,5.69709300994873
1,14,0,1,0,1,4,6.43775177001953
1,16,0,1,0,1,7,6.64509105682373
1,16,0,1,0,6,6,6.12904977798462
1,12,0,0,0,1,13,6.30991792678833
1,14,0,0,0,1,9,6.15273284912109
1,12,0,0,0,1,15,5.98141384124756
1,14,0,0,0,1,5,6.38687896728516
1,16,0,0,0,6,6,6.94601392745972
1,12,0,1,0,1,16,5.99146509170532
1,12,0,0,0,1,8,6.54821920394897
1,16,0,0,1,1,4,6.56948089599609
1,12,0,0,0,1,6,6.30991792678833
1,14,0,0,0,1,7,5.8081431388855
1,12,0,1,0,1,11,6.96413612365723
1,11,0,1,0,1,13,6.38012313842773
1,12,0,1,0,1,6,6.45046997070312
1,10,0,1,0,2,10,6.21460819244385
1,14,0,1,0,1,8,6.66949796676636
1,18,0,1,0,1,7,6.72383308410645
1,12,0,1,0,1,8,6.28971576690674
1,18,0,1,0,1,4,6.35784196853638
1,14,0,1,0,1,10,6.69456195831299
1,14,0,1,0,1,10,6.58202505111694
1,12,0,1,1,1,8,6.39693021774292
1,10,0,1,1,1,12,6.11368179321289
1,7,0,1,1,1,14,5.70378303527832
1,12,1,1,1,6,8,5.97381019592285
1,12,1,1,1,6,8,5.29831695556641
1,9,0,0,1,1,18,6.62007284164429
1,16,0,0,1,6,4,6.5117449760437
1,14,0,1,1,1,10,6.89669418334961
1,17,0,1,1,6,4,6.7799220085144
1,13,0,0,1,1,7,6.80793523788452
1,14,1,1,1,1,14,5.52146100997925
1,10,0,1,1,1,12,6.25382900238037
1,12,0,1,1,6,9,5.87493085861206
1,12,0,1,1,1,6,5.62762117385864
1,12,1,1,1,2,7,5.99146509170532
1,10,1,1,1,1,12,5.60947179794312
1,11,0,1,1,1,14,6.21460819244385
1,11,0,1,1,1,16,6.40191698074341
1,12,0,1,1,5,7,5.99146509170532
1,12,1,1,1,5,10,6.16331481933594
1,12,0,1,1,1,15,7.00306606292725
1,14,0,1,1,6,6,5.8200831413269
1,11,0,1,1,1,10,6.28785800933838
1,13,1,1,1,1,7,6.00141477584839
1,16,0,1,1,1,5,6.62936305999756
1,16,0,1,1,1,11,6.3171648979187
1,16,0,1,1,1,7,6.35784196853638
1,15,0,1,1,1,5,6.06842613220215
1,11,0,1,1,1,12,6.30991792678833
1,16,0,1,1,1,2,6.68085479736328
1,14,0,1,1,6,7,6.10924816131592
1,13,0,1,1,1,10,6.69332408905029
1,13,0,1,1,1,5,6.39693021774292
1,13,0,1,1,1,15,6.8384051322937
1,11,0,0,1,1,16,6.17586708068848
1,12,0,1,1,1,11,6.43454599380493
1,10,1,1,1,1,11,5.79301404953003
1,16,0,1,1,1,4,6.39693021774292
1,14,1,1,1,1,7,6.54102993011475
1,15,0,1,1,1,12,6.82762908935547
1,12,0,1,1,1,10,6.58063888549805
1,12,1,1,1,1,7,6.29156923294067
1,13,1,1,1,1,8,6.12904977798462
1,13,1,1,1,6,8,6.18414878845215
1,12,1,1,1,6,7,5.85793304443359
1,16,0,1,1,6,3,5.29831695556641
1,10,1,1,1,1,14,6.25382900238037
1,12,1,1,1,4,7,5.52146100997925
1,11,1,1,0,1,11,6.22257614135742
1,12,1,1,1,1,10,5.89440298080444
1,11,1,1,1,1,16,6.48310804367065
1,12,1,1,1,1,14,6.05208921432495
1,12,1,1,1,4,13,5.50125789642334
1,11,1,1,1,6,8,5.52146100997925
1,13,0,1,0,1,13,6.77878522872925
1,12,1,1,1,1,8,6.5323338508606
1,11,1,1,1,1,15,5.99645185470581
1,12,1,1,1,4,13,6.05912303924561
1,13,0,1,1,4,5,5.7838249206543
1,17,0,1,1,5,4,6.58617210388184
1,12,0,1,1,1,7,6.65929412841797
1,14,1,1,1,1,7,5.57594919204712
1,12,1,1,1,4,14,6.10924816131592
1,14,1,1,1,4,7,5.84643888473511
1,13,1,1,1,6,5,5.85793304443359
1,13,1,1,1,6,5,5.99146509170532
1,12,0,1,1,1,14,6.88755321502686
1,12,1,1,1,1,11,5.95324277877808
1,17,1,1,0,6,5,5.84064102172852
1,16,1,1,1,6,3,6.33328008651733
1,7,0,1,1,1,16,6.13772678375244
1,12,1,1,1,6,10,6.33682584762573
1,12,1,1,1,1,9,6.45833778381348
1,10,1,1,1,1,14,6.13556480407715
1,13,1,1,1,1,8,6.50727701187134
1,13,1,1,1,6,5,6.00141477584839
1,17,1,1,1,5,2,5.92157793045044
1,12,1,1,1,6,6,5.43807888031006
1,12,1,1,1,5,14,6.32435894012451
1,8,1,1,1,1,15,5.70378303527832
1,14,0,1,1,1,9,6.81673622131348
1,18,0,1,1,1,3,6.32435894012451
1,13,0,1,1,1,14,6.27098798751831
1,15,0,1,1,6,5,5.7990927696228
1,9,0,1,1,1,11,5.92692613601685
1,13,0,1,1,1,5,6.42162179946899
1,14,0,0,1,1,7,6.58063888549805
1,16,0,1,0,4,3,6.27098798751831
1,12,1,1,1,1,16,6.75576877593994
1,14,1,1,1,1,7,6.47543287277222
1,10,1,1,1,1,8,5.47227001190186
1,12,1,1,1,1,16,5.61677122116089
1,14,1,1,1,1,6,5.7838249206543
1,14,1,1,0,5,9,5.87773609161377
1,12,1,1,1,1,12,5.95324277877808
1,14,0,1,1,1,4,5.89989805221558
1,8,0,1,1,1,19,6.68461179733276
1,12,0,1,1,1,16,6.17794418334961
1,17,0,1,1,1,6,6.86171197891235
1,17,0,1,1,1,3,6.13556480407715
1,16,0,0,1,1,6,6.03308582305908
1,10,0,1,1,1,9,5.66988086700439
1,12,0,1,1,1,6,5.48063898086548
1,12,1,1,1,1,13,6.72022008895874
1,12,0,1,1,1,14,5.88887786865234
1,16,0,0,1,1,6,6.39359092712402
1,13,0,1,1,1,6,6.62007284164429
1,16,1,1,1,6,3,5.95324277877808
1,16,1,1,1,1,6,6.42971897125244
1,13,0,1,1,1,15,6.46302890777588
1,16,1,1,1,1,4,6.14846801757812
1,13,1,1,1,6,5,5.95324277877808
1,12,1,1,1,1,7,6.13556480407715
1,12,0,1,1,1,9,6.45362520217896
1,12,0,0,0,1,8,5.99146509170532
1,13,0,1,1,1,8,6.6333179473877
1,13,0,1,1,1,8,6.32793712615967
1,12,0,1,1,1,16,6.90775489807129
1,11,0,1,1,1,11,6.05208921432495
1,12,1,1,1,1,12,6.01859283447266
1,11,0,1,1,1,8,5.18738603591919
1,18,0,1,1,1,8,5.92692613601685
1,18,0,1,1,6,4,7.16858005523682
1,15,1,1,0,1,9,6.16541814804077
1,16,0,1,1,6,5,6.65286302566528
1,12,0,1,1,1,9,6.57088279724121
1,10,1,1,1,4,12,6.06145715713501
1,13,1,1,1,6,5,6.07534599304199
1,13,0,1,1,1,7,6.77422380447388
1,14,1,1,1,5,13,6.04973411560059
1,12,1,1,1,6,7,5.92692613601685
1,12,1,1,1,1,7,6.19236183166504
1,15,1,1,1,1,3,6.13556480407715
1,12,1,1,1,1,16,5.82894611358643
1,12,0,1,1,1,12,6.36475086212158
1,12,0,1,1,1,9,6.2441668510437
1,12,0,1,1,1,7,6.95939922332764
1,12,1,1,1,1,12,6.16331481933594
1,18,0,1,1,1,8,7.31455278396606
1,15,0,1,0,4,12,6.86901378631592
1,15,1,1,1,4,9,5.43807888031006
1,18,1,1,1,1,5,6.62007284164429
1,15,1,1,1,1,5,5.41610097885132
1,13,1,1,1,1,7,5.80211782455444
1,11,1,1,1,1,9,5.98393583297729
1,10,0,1,1,1,18,6.62007284164429
1,12,0,1,1,1,7,6.10924816131592
1,13,1,1,1,1,6,6.76273012161255
1,8,0,1,1,6,10,6.28226709365845
1,16,0,1,0,1,5,6.74052000045776
1,16,0,1,0,6,4,6.63200187683105
1,16,0,1,1,6,2,6.39693021774292
1,12,0,1,1,1,16,6.9373140335083
1,14,0,1,1,1,12,6.77536582946777
1,12,0,1,1,1,14,6.34212207794189
1,16,0,1,1,6,3,6.27852201461792
1,12,0,1,1,1,7,6.17586708068848
1,12,1,1,1,1,10,6.40357398986816
1,12,0,1,1,1,9,6.48768377304077
1,12,0,1,1,1,13,6.43775177001953
1,12,1,1,1,1,11,5.63478899002075
1,10,0,1,1,1,12,6.21460819244385
1,12,0,1,1,1,8,6.28226709365845
1,10,0,1,1,1,10,6.70686197280884
1,10,0,1,1,1,18,6.43615102767944
1,10,0,1,1,1,12,6.40357398986816
1,12,0,1,0,1,13,6.22455787658691
1,12,0,1,0,1,12,6.62007284164429
1,12,0,1,0,1,14,6.58063888549805
1,18,0,1,0,1,8,6.51322984695435
1,16,0,1,1,1,11,6.81673622131348
1,17,1,1,1,1,7,6.77878522872925
1,12,1,1,1,1,8,6.05678415298462
1,8,1,1,1,1,10,6.67456197738647
1,14,1,1,1,4,9,5.78995990753174
1,10,1,1,1,5,14,5.74620294570923
1,16,1,1,0,1,12,6.66695690155029
1,18,0,1,0,1,7,5.8200831413269
1,10,1,1,1,6,14,5.95324277877808
1,16,1,1,1,5,5,6.27098798751831
1,10,1,0,1,1,17,6.06145715713501
1,12,0,0,0,2,9,6.89162588119507
1,12,0,1,1,6,16,6.70563888549805
1,14,1,1,1,1,12,6.61338376998901
1,10,1,1,1,6,8,5.84354400634766
1,14,1,1,1,1,14,6.3171648979187
1,13,1,1,1,6,5,5.57215404510498
1,18,1,1,1,1,8,6.61338376998901
1,17,1,1,1,6,6,6.5117449760437
1,17,1,1,1,5,9,6.58063888549805
1,13,1,1,1,1,11,6.08221912384033
0,12,1,1,1,1,8,6.30078601837158
0,14,1,1,1,6,5,5.52146100997925
0,14,1,1,1,4,7,6.43615102767944
0,13,0,1,1,6,10,5.99146509170532
0,16,0,1,1,1,7,6.35784196853638
0,16,1,1,1,6,3,6.70073080062866
0,12,1,1,1,4,16,6.43775177001953
0,14,1,1,1,5,6,6.18414878845215
0,16,0,1,1,6,6,6.73459100723267
0,16,0,1,1,1,5,6.76273012161255
0,16,0,1,1,1,4,5.7838249206543
0,14,1,1,1,1,6,6.16751718521118
0,16,1,1,1,1,3,5.52146100997925
0,12,0,1,1,6,6,6.21460819244385
0,13,0,1,1,6,6,6.2441668510437
0,18,0,1,1,6,4,5.54517698287964
0,13,0,1,1,6,5,6.57646894454956
0,18,0,1,0,1,6,6.67959880828857
0,12,0,1,1,1,7,6.62007284164429
0,12,1,1,1,4,6,6.03787088394165
0,12,1,1,1,1,8,6.06610822677612
0,12,1,1,0,1,7,6.05208921432495
0,12,1,1,1,6,13,5.39362812042236
0,13,1,1,1,1,10,6.5294189453125
0,15,0,1,1,1,13,6.21460819244385
0,16,0,1,1,6,4,6.31173515319824
0,11,0,1,1,1,8,6.55108022689819
1,12,0,1,1,1,14,6.56103086471558
1,17,0,1,1,1,5,6.25958204269409
1,12,0,1,1,1,6,6.07073783874512
1,14,0,1,1,1,5,6.13556480407715
1,12,0,1,1,1,6,5.98393583297729
1,15,0,1,1,1,5,5.99146509170532
1,18,0,1,0,4,4,6.77079010009766
1,12,0,1,1,1,8,5.93489408493042
1,12,0,1,1,1,9,5.89715385437012
1,15,0,1,1,1,10,6.86901378631592
1,15,0,1,1,4,9,6.68586111068726
1,5,0,1,1,1,21,5.99146509170532
1,13,1,1,1,4,10,6.29156923294067
1,10,0,1,1,1,14,6.10924816131592
1,15,1,1,1,4,6,6.08221912384033
1,12,1,1,1,5,8,5.88610410690308
1,12,0,1,1,1,9,6.27098798751831
1,12,1,1,1,1,8,6.58063888549805
1,2,0,1,1,5,23,5.84354400634766
1,11,0,1,0,1,10,6.95844793319702
1,16,0,1,1,6,6,6.58755016326904
1,12,1,1,0,5,15,6.29710912704468
1,16,0,1,0,1,11,7.09174203872681
1,16,0,1,1,1,2,5.99146509170532
1,9,1,1,1,1,17,5.92692613601685
1,11,1,1,1,1,13,5.63835477828979
1,12,1,1,1,5,6,4.84418678283691
1,12,1,1,0,6,14,7.23921489715576
1,12,0,0,1,1,12,6.47543287277222
1,16,0,1,1,5,9,6.04025506973267
1,16,0,1,1,1,5,6.12029695510864
1,12,1,1,1,1,7,6.4937539100647
1,12,0,0,1,1,6,5.9401707649231
1,10,1,1,1,4,18,5.75257301330566
1,14,0,1,1,1,4,6.11368179321289
1,12,0,1,1,1,10,6.43775177001953
1,14,0,1,1,6,4,6.39859485626221
1,13,0,1,1,1,8,6.21260595321655
0,8,0,1,1,1,17,6.54102993011475
1,18,0,0,1,1,8,6.28226709365845
1,7,0,1,0,1,13,6.14203691482544
1,12,0,0,1,1,6,5.99146509170532
1,18,0,0,1,1,3,5.90808296203613
1,8,0,0,1,1,11,6.55108022689819
1,16,0,1,0,1,9,6.86901378631592
1,6,0,0,1,1,12,5.89989805221558
1,9,0,0,1,6,18,6.16331481933594
1,12,0,0,1,1,6,5.29831695556641
1,9,1,1,0,1,9,6.39693021774292
1,12,1,1,0,6,9,6.22455787658691
1,16,1,1,1,1,9,6.35784196853638
1,12,1,0,1,6,6,6.12468290328979
1,12,0,1,1,5,16,6.62007284164429
1,11,0,0,1,1,15,6.35784196853638
1,15,0,1,1,6,3,5.66642713546753
1,12,1,1,1,1,7,5.41164588928223
1,10,1,1,1,6,8,5.89440298080444
1,10,1,1,1,5,10,5.43372201919556
1,9,1,1,1,5,11,5.45532083511353
1,14,1,1,1,1,4,6.14203691482544
1,16,0,1,1,4,5,7.6415638923645
1,15,1,1,1,1,10,6.05678415298462
1,12,0,1,1,4,15,6.51914691925049
1,13,0,0,1,6,8,5.74620294570923
1,18,0,1,1,1,4,6.39859485626221
1,10,0,1,1,1,17,6.21460819244385
1,12,0,1,1,6,10,5.92692613601685
1,12,1,1,1,1,16,6.30991792678833
1,17,1,1,0,1,5,6.55393409729004
1,16,1,1,1,1,11,6.43775177001953
1,14,1,1,1,1,14,6.04737186431885
1,11,1,1,1,1,11,5.87211799621582
1,12,0,1,1,6,8,6.25190401077271
1,14,0,1,1,1,4,5.88332176208496
1,11,1,1,1,1,10,5.85507202148438
1,12,1,1,1,1,13,5.68017196655273
1,18,1,1,1,1,4,6.09357023239136
1,6,1,1,1,1,22,5.59842205047607
1,14,0,1,1,1,8,5.95324277877808
1,12,0,1,1,1,9,6.08221912384033
1,11,0,1,1,1,13,6.03308582305908
1,11,0,1,1,1,14,6.17586708068848
1,16,0,1,1,1,8,6.39024114608765
1,12,1,1,1,1,10,6.39693021774292
1,14,1,1,1,6,7,5.52146100997925
1,12,1,1,1,1,13,6.27476215362549
1,12,1,1,1,1,8,6.38181591033936
1,12,1,1,0,1,15,6.22059011459351
1,11,1,1,0,1,8,6.16331481933594
1,16,0,1,1,4,9,7.22548198699951
1,17,0,1,0,6,1,5.7838249206543
1,14,0,1,1,1,5,6.35784196853638
1,12,0,1,0,1,7,6.55393409729004
1,16,0,1,1,6,3,6.0958251953125
1,13,1,1,1,5,8,6.32793712615967
1,13,0,1,1,1,13,6.86901378631592
1,12,0,1,1,6,8,5.73657178878784
1,17,0,1,1,1,10,7.14598512649536
1,16,0,1,0,5,6,6.21460819244385
1,16,0,1,0,6,8,6.36818695068359
1,17,0,1,0,6,2,4.71849918365479
1,14,0,1,0,1,13,6.5117449760437
1,17,0,1,1,1,6,7.56164216995239
1,14,1,1,1,6,4,5.99146509170532
1,12,1,1,1,1,7,6.13122701644897
1,12,1,1,1,6,12,5.50125789642334
1,16,1,1,1,1,5,5.75257301330566
1,14,0,1,1,1,6,6.46302890777588
1,12,0,1,1,1,7,6.62007284164429
1,17,0,1,0,1,2,5.73010015487671
1,17,0,1,0,1,6,5.85793304443359
1,18,0,1,0,5,3,6.13556480407715
1,15,0,1,0,1,13,7.05099010467529
1,16,0,1,1,1,12,7.46622800827026
1,17,0,1,0,1,10,6.64509105682373
1,15,0,1,0,1,8,6.59304523468018
1,18,0,0,1,1,6,6.60123014450073
1,16,0,0,1,1,3,6.21460819244385
1,16,0,0,1,4,2,5.89989805221558
1,13,0,1,1,1,5,5.8081431388855
1,12,0,0,1,1,15,6.58063888549805
1,12,0,0,1,1,9,5.92692613601685
1,12,0,0,1,1,8,5.52146100997925
1,17,0,0,1,1,7,5.88887786865234
0,7,0,0,1,1,19,5.64544677734375
0,12,0,0,1,1,16,6.02827787399292
0,16,0,0,1,1,5,6.25766801834106
0,12,0,0,1,1,15,6.55961513519287
0,16,0,0,1,1,4,6.01371479034424
0,12,0,0,1,1,6,6.03068494796753
0,12,0,1,0,6,12,6.66695690155029
0,16,0,0,1,1,5,6.35784196853638
0,16,0,0,1,1,2,6.16961097717285
0,17,0,1,1,6,4,6.43775177001953
0,17,0,0,1,4,1,6.22455787658691
0,12,0,0,1,1,14,5.6594820022583
0,12,0,1,1,1,6,6.21460819244385
0,8,0,1,1,4,13,6.21460819244385
0,12,0,0,1,1,9,5.85793304443359
0,13,0,0,1,1,5,6.13556480407715
0,13,1,0,1,6,11,6.30627489089966
0,12,1,0,1,1,10,5.54126405715942
0,13,1,1,1,6,5,6.2614917755127
0,12,1,0,1,1,15,5.67675399780273
0,14,0,1,1,1,8,5.92692613601685
0,18,0,1,1,6,8,6.27098798751831
0,16,0,0,1,6,3,6.81234502792358
0,9,0,1,1,1,13,5.86646795272827
0,14,0,1,1,1,8,7.05185604095459
0,8,0,1,1,4,20,5.52146100997925
0,13,0,1,1,1,9,6.6605749130249
0,13,0,1,1,6,12,6.03068494796753
1,13,1,0,1,1,10,5.89715385437012
1,13,1,1,1,1,8,5.92692613601685
1,15,1,0,1,1,3,5.92692613601685
1,16,1,0,1,1,6,5.88053321838379
1,7,1,0,1,2,18,5.70378303527832
1,14,0,0,1,1,5,6.26909589767456
1,12,0,0,1,6,16,5.70044422149658
1,8,1,0,1,1,18,6.10924816131592
1,14,1,0,1,1,5,6.29156923294067
1,8,0,0,1,1,15,6.26909589767456
1,12,0,0,1,1,12,6.64509105682373
1,12,1,1,0,6,8,5.28826713562012
1,12,1,1,0,6,6,5.99146509170532
1,12,1,1,0,6,10,6.62406492233276
1,12,1,1,0,6,6,6.09807395935059
1,9,1,0,1,1,15,5.48063898086548
1,3,1,0,1,1,16,5.11799383163452
1,12,0,1,1,1,6,6.09807395935059
1,10,1,0,1,1,10,5.52146100997925
1,12,0,0,1,1,8,6.16331481933594
1,16,0,0,1,1,6,5.99146509170532
1,18,0,0,1,6,0,5.98645210266113
1,12,1,1,0,1,7,5.85793304443359
1,12,1,0,1,1,15,6.25958204269409
1,10,1,0,1,1,15,5.59842205047607
1,9,1,0,1,1,15,5.73657178878784
1,6,1,0,1,2,19,5.70378303527832
1,12,1,0,1,1,10,5.7838249206543
1,12,0,1,1,1,6,6.80239486694336
0,13,0,1,1,1,7,6.62007284164429
0,8,1,1,1,1,12,5.65248918533325
0,12,0,1,1,1,6,5.62762117385864
0,13,1,1,1,1,10,6.21460819244385
0,8,0,1,1,1,16,6.55108022689819
0,9,0,1,1,1,11,5.70378303527832
0,8,0,1,1,1,20,5.97126197814941
0,12,0,1,1,1,16,6.23637008666992
0,16,0,1,1,6,9,6.43615102767944
0,12,1,1,1,1,9,5.49716806411743
0,12,0,1,1,1,9,5.89440298080444
0,16,0,1,1,5,5,6.40687990188599
0,12,0,1,1,1,7,6.6333179473877
0,14,0,1,1,1,11,5.95324277877808
0,12,1,1,1,1,14,6.2045578956604
0,16,0,1,1,1,5,6.71901321411133
0,12,0,1,1,1,7,6.00141477584839
0,15,0,0,1,6,6,5.58724880218506
0,12,0,0,1,1,16,6.0867748260498
0,14,0,0,1,6,8,5.92692613601685
0,10,0,0,1,1,8,5.7071099281311
0,12,0,0,1,1,16,6.48920488357544
0,15,1,1,0,4,3,6.24222278594971
0,12,1,0,1,6,8,5.70378303527832
0,12,1,0,1,6,8,5.43807888031006
0,10,1,0,1,6,15,5.56068181991577
0,12,1,0,1,1,6,5.72031211853027
0,8,1,0,1,1,17,6.06378507614136
0,8,1,0,1,1,10,5.56068181991577
0,16,0,1,1,6,2,6.35784196853638
0,11,1,0,1,1,12,6.05208921432495
0,12,1,0,1,1,7,5.75257301330566
0,13,0,0,1,1,10,5.92692613601685
0,9,1,0,1,1,18,6.21460819244385
0,12,0,1,1,4,7,6.21460819244385
0,12,1,1,1,1,14,5.85793304443359
0,10,1,1,1,1,13,6.26339817047119
0,17,0,0,1,1,3,6.21460819244385
0,16,0,1,1,1,3,5.95324277877808
1,9,1,1,1,1,10,4.60516977310181
1,15,1,1,1,1,5,5.70378303527832
1,12,1,1,1,6,6,5.23644208908081
1,8,1,1,1,1,19,5.87211799621582
1,12,1,1,1,1,7,5.58724880218506
1,12,1,1,1,1,10,5.58724880218506
1,12,0,1,1,1,16,6.37332010269165
1,12,1,0,1,4,6,5.92692613601685
1,12,1,0,1,5,13,5.84643888473511
1,16,0,1,1,1,6,6.30078601837158
1,14,0,1,1,1,5,6.33150196075439
1,12,0,1,0,1,8,6.35784196853638
1,15,0,1,0,1,5,6.7912220954895
1,13,0,0,1,1,7,6.43775177001953
1,13,0,0,1,6,7,6.03068494796753
1,6,0,0,1,1,19,6.5264949798584
0,11,1,1,1,1,13,6.43775177001953
0,9,1,1,1,6,12,5.73657178878784
0,12,1,1,1,1,10,6.49828195571899
0,11,0,1,1,1,15,5.65599203109741
0,12,1,1,1,1,8,6.39693021774292
0,16,1,1,0,5,7,6.6093487739563
0,11,1,1,1,6,10,5.41610097885132
0,12,0,1,1,1,16,6.43454599380493
0,12,0,1,1,6,6,6.40191698074341
0,12,0,1,1,1,11,6.30991792678833
0,16,0,0,1,1,5,6.68586111068726
1,14,0,1,1,1,10,5.7990927696228
1,16,0,1,1,1,12,6.52795791625977
1,15,0,1,0,6,8,6.90775489807129
1,16,0,1,1,6,8,6.99485015869141
1,13,1,1,1,4,5,6.16541814804077
1,12,1,1,1,6,6,6.21460819244385
1,14,1,1,1,1,5,6.85646200180054
1,18,1,1,1,1,6,7.04053592681885
1,12,1,1,1,1,14,6.10924816131592
1,12,0,1,1,1,7,6.10479307174683
1,16,0,1,1,6,5,5.88887786865234
1,13,0,1,1,1,5,6.28226709365845
1,17,0,1,1,1,2,6.42324686050415
1,14,0,1,1,6,4,6.19440603256226
1,12,0,1,1,1,8,6.02827787399292
0,13,1,1,1,6,5,5.52146100997925
0,13,0,0,1,1,9,6.21460819244385
0,18,0,1,1,1,4,7.05185604095459
0,12,0,0,1,1,14,6.26339817047119
0,11,0,1,1,1,7,5.70378303527832
0,9,0,0,1,1,11,5.73010015487671
0,8,0,0,1,1,15,6.43775177001953
0,13,0,1,1,6,5,5.85793304443359
0,16,0,0,1,1,8,6.5117449760437
0,13,0,0,1,1,9,6.32435894012451
0,12,1,0,1,1,10,5.86078596115112
0,12,1,1,0,1,10,6.58340883255005
0,15,1,0,1,1,6,6.34388113021851
0,11,1,1,1,6,8,5.48063898086548
0,8,0,0,1,1,18,6.10924816131592
0,11,1,0,1,1,16,5.82304620742798
0,10,1,0,1,1,13,5.66296100616455
1,17,0,0,1,1,1,6.02344799041748
1,12,0,0,1,1,11,6.74288082122803
1,16,0,0,1,1,10,6.77307987213135
1,11,1,0,1,1,12,5.68697500228882
1,8,1,0,1,4,12,5.70378303527832
1,16,1,1,1,1,4,5.66642713546753
1,9,1,0,1,2,14,5.69709300994873
1,5,1,0,1,1,21,5.88887786865234
1,12,1,1,0,1,12,7.00033378601074
1,16,1,1,0,1,11,6.14203691482544
1,14,1,0,1,1,7,5.57973003387451
1,16,0,1,1,1,8,6.73221111297607
1,16,0,0,1,1,9,6.35784196853638
1,10,1,0,1,1,11,5.41610097885132
1,12,1,0,1,1,7,5.45958614349365
1,12,1,1,1,1,8,5.52146100997925
1,12,0,0,1,1,10,5.27811479568481
1,12,1,0,1,1,14,6.16331481933594
1,11,0,0,1,4,9,6.21460819244385
1,8,1,0,1,1,15,5.81114101409912
1,10,1,0,1,4,11,6.11809682846069
1,16,0,1,1,1,3,6.8511848449707
1,13,0,0,1,1,5,5.67332315444946
1,16,0,0,1,6,5,6.25382900238037
1,15,0,0,1,1,7,6.16120719909668
1,8,0,0,1,1,18,5.6903600692749
1,12,0,1,1,1,15,6.04025506973267
1,12,0,0,1,1,8,6.25190401077271
1,12,0,0,1,1,14,5.75574207305908
1,12,0,0,1,4,10,5.92692613601685
1,13,1,0,1,1,6,6.30991792678833
1,8,0,0,1,1,19,6.85012578964233
1,16,0,1,1,1,5,6.16331481933594
1,16,0,1,1,1,5,5.97381019592285
1,11,0,1,1,6,7,6.62007284164429
1,13,0,1,1,1,9,6.19847917556763
1,12,1,1,1,1,10,6.21460819244385
1,11,1,1,1,1,7,5.59098720550537
1,12,1,1,1,1,15,6.16331481933594
1,12,1,1,1,1,13,5.89989805221558
1,11,1,1,1,1,9,5.63835477828979
1,14,1,1,1,6,4,5.52146100997925
1,12,1,1,1,1,15,5.57215404510498
1,18,0,1,0,1,5,6.91968393325806
1,17,0,1,1,1,5,6.72503423690796
1,16,0,1,0,6,2,5.74620294570923
1,14,0,1,1,1,12,6.86901378631592
1,9,1,1,1,1,14,5.84643888473511
1,11,1,1,1,6,8,5.70378303527832
1,11,1,1,1,4,15,5.92692613601685
1,14,0,1,1,1,4,6.21460819244385
1,12,0,1,1,1,7,5.84643888473511
1,9,1,1,1,1,19,5.76519107818604
1,11,1,1,1,1,9,5.99146509170532
1,13,1,1,1,1,8,6.30627489089966
1,7,1,1,1,6,12,5.43807888031006
1,12,0,0,1,1,8,6.03548097610474
1,13,0,1,1,1,10,6.26719999313354
1,10,0,1,1,1,17,6.76273012161255
1,13,0,1,1,1,15,6.25190401077271
1,11,0,1,1,6,12,5.81412982940674
1,13,0,1,1,1,14,6.76273012161255
1,8,0,0,1,1,13,6.25382900238037
1,17,0,1,1,1,4,6.75110101699829
1,12,0,0,1,1,6,5.75574207305908
1,18,0,1,1,1,9,6.7226300239563
1,16,0,1,1,1,9,6.77422380447388
1,14,0,1,1,1,13,7.22548198699951
1,16,0,1,1,6,12,6.11146688461304
1,18,0,0,1,1,10,6.52795791625977
1,13,0,1,1,4,9,6.07534599304199
1,13,0,1,1,1,13,6.81673622131348
1,13,0,0,1,1,14,6.75110101699829
1,10,0,1,1,1,18,6.39693021774292
1,12,1,1,1,6,10,5.54517698287964
1,12,1,1,1,6,11,5.92692613601685
1,16,1,1,1,1,5,6.08904504776001
1,13,1,1,1,1,6,6.00388717651367
1,12,1,1,1,5,14,6.01615715026855
1,15,0,1,1,6,6,5.70378303527832
1,16,0,1,1,1,4,6.54102993011475
1,18,0,1,0,1,6,6.91968393325806
0,15,1,1,1,1,5,6.11368179321289
0,12,0,1,1,1,10,5.96100521087646
0,18,0,0,1,1,3,6.19847917556763
0,5,0,0,1,1,20,5.74620294570923
1,14,0,1,1,5,6,6.35784196853638
1,12,0,1,1,5,6,5.92692613601685
1,12,0,1,0,1,15,6.48463487625122
1,16,0,1,1,6,4,6.56385612487793
1,14,1,1,1,6,6,6.23637008666992
1,12,0,1,1,1,16,6.43775177001953
1,14,0,1,1,6,5,6.13122701644897
1,14,0,1,1,4,13,6.43775177001953
1,12,1,1,1,6,10,6.3543701171875
1,12,1,1,1,1,7,6.21460819244385
1,13,1,1,0,6,8,6.02586603164673
1,13,1,1,0,6,7,6.15485811233521
1,12,1,1,1,1,11,6.25382900238037
1,13,1,1,0,1,8,6.62007284164429
1,12,1,1,1,1,7,6.19440603256226
1,18,1,1,0,1,7,6.05208921432495
1,12,1,1,1,1,14,6.28226709365845
0,13,0,1,1,1,7,6.61338376998901
0,12,0,1,1,1,6,5.99146509170532
0,12,0,1,1,1,10,5.76832103729248
0,17,0,1,1,1,6,6.40687990188599
0,11,0,1,1,1,7,6.33328008651733
0,12,1,1,1,1,9,5.7838249206543
0,13,0,1,1,1,10,6.71052312850952
0,12,0,1,1,1,14,6.69703388214111
0,12,0,1,1,4,8,5.92425584793091
0,12,0,1,1,1,14,5.70378303527832
1,12,0,1,1,1,11,6.42810487747192
1,18,0,0,1,1,8,6.46302890777588
1,12,0,1,1,1,13,6.37161207199097
1,12,0,1,1,1,12,6.37502479553223
1,12,1,1,1,1,6,6.27852201461792
1,12,1,1,1,6,12,5.7838249206543
1,13,1,1,1,1,7,6.48463487625122
1,13,1,1,1,1,6,6.42486906051636
1,12,1,1,1,1,6,6.40025806427002
1,16,1,1,1,5,4,6.30991792678833
1,16,1,1,1,1,3,6.5308780670166
1,10,1,1,1,1,14,6.43775177001953
1,11,1,1,1,1,14,6.0867748260498
1,6,1,1,1,6,21,5.03043794631958
1,10,1,1,1,1,11,6.38856077194214
1,11,1,1,1,1,10,6.13556480407715
1,11,1,1,1,6,9,5.70378303527832
1,10,1,1,1,1,15,6.21460819244385
1,10,1,1,1,1,13,6.00141477584839
1,10,1,1,1,1,16,5.61677122116089
1,8,1,0,1,1,18,5.99146509170532
1,18,0,0,1,1,4,6.39693021774292
1,13,0,0,1,1,8,6.35784196853638
1,12,0,0,1,1,9,5.92692613601685
1,12,0,0,1,1,8,5.71702814102173
1,12,1,0,1,1,10,5.64190721511841
1,14,1,0,1,4,8,5.61677122116089
1,12,0,0,1,1,7,6.45362520217896
1,18,1,1,0,6,1,6.56667184829712
1,13,1,1,0,1,9,6.86589097976685
1,16,1,0,1,1,7,6.46302890777588
1,13,0,0,1,1,5,6.0958251953125
1,9,1,1,1,1,19,5.45958614349365
1,15,1,1,1,6,4,6.16331481933594
1,12,1,0,1,6,8,5.52942895889282
1,14,0,1,1,1,7,6.45362520217896
1,13,1,0,1,1,7,5.96614694595337
1,9,1,0,1,1,18,6.02344799041748
1,11,1,1,0,1,12,5.99146509170532
1,8,1,0,1,1,11,5.66296100616455
1,12,1,1,1,6,7,5.88610410690308
1,12,0,0,1,1,14,6.5117449760437
0,10,1,1,1,6,18,5.97381019592285
0,16,1,1,1,1,4,6.35784196853638
0,11,1,1,1,6,9,5.23644208908081
0,5,1,1,1,6,16,5.65248918533325
0,9,1,1,1,4,19,5.92692613601685
0,17,0,1,1,1,7,6.64638996124268
0,17,0,1,0,1,3,6.32435894012451
0,18,0,1,0,6,4,7.47477197647095
0,12,0,1,1,4,16,6.54391193389893
0,10,0,0,0,1,8,6.19236183166504
0,12,0,1,1,6,6,6.2324481010437
0,12,0,0,1,4,15,6.70686197280884
0,7,0,0,1,1,17,5.61677122116089
0,12,0,0,1,1,12,6.39693021774292
1,13,0,1,1,1,6,6.35784196853638
1,14,0,1,1,1,4,5.43807888031006
1,11,0,1,0,1,9,6.22851085662842
1,12,0,1,1,1,8,6.40687990188599
1,12,0,1,1,1,6,6.70073080062866
1,10,0,1,1,4,9,5.65248918533325
1,16,0,1,1,1,9,6.97354316711426
1,14,0,1,1,1,12,7.39939785003662
1,16,0,0,1,1,8,6.7569317817688
1,14,0,1,1,1,6,6.62804079055786
1,15,0,1,1,1,4,6.62007284164429
1,12,0,1,1,1,14,6.08221912384033
1,12,0,1,1,1,15,7.00850486755371
1,17,1,1,1,4,7,5.67332315444946
1,12,1,1,0,1,8,5.80513477325439
1,13,0,0,1,1,7,6.03308582305908
1,13,0,1,1,1,11,6.43775177001953
1,12,0,0,1,1,9,6.13556480407715
1,8,0,0,1,1,20,5.52146100997925
1,18,0,0,0,1,6,6.25382900238037
1,14,0,1,1,6,8,5.0106348991394
1,14,0,1,0,1,5,5.99146509170532
1,18,0,0,0,1,5,5.95324277877808
1,15,0,1,0,1,13,6.35784196853638
1,18,0,1,0,1,10,6.28785800933838
1,17,0,1,0,6,5,6.68586111068726
1,17,0,1,0,6,1,6.21460819244385
1,13,0,1,0,1,10,6.79570579528809
1,14,0,1,0,1,7,6.43775177001953
1,14,0,0,0,6,8,5.7776517868042
1,12,0,1,0,1,14,6.35784196853638
1,12,0,1,0,1,7,6.05678415298462
1,10,0,1,0,1,15,5.48479700088501
1,17,0,1,0,1,5,6.63068294525146
1,16,0,1,0,1,10,7.5903468132019
1,12,0,1,0,1,14,6.54391193389893
1,16,0,1,0,1,4,6.19644403457642
1,16,0,1,0,6,2,6.33682584762573
1,10,0,1,0,6,14,5.82894611358643
1,13,0,1,0,4,8,5.69709300994873
1,13,0,1,0,5,6,5.73010015487671
1,13,0,1,0,1,5,7.00033378601074
1,11,0,1,0,1,7,6.02344799041748
1,12,0,1,0,1,15,6.40687990188599
1,12,0,1,0,6,7,6.21460819244385
1,15,0,1,0,6,4,6.37842607498169
1,13,0,1,0,1,9,6.43775177001953
1,10,0,1,0,1,9,5.96614694595337
1,14,0,1,0,1,11,6.09357023239136
1,13,0,1,0,1,7,6.56103086471558
1,16,0,1,0,1,5,6.65672588348389
1,12,1,1,0,6,10,6.23441076278687
1,17,0,1,0,1,2,6.09131002426147
1,13,0,1,0,1,7,5.99146509170532
1,18,0,1,0,1,4,7.15070199966431
1,12,1,1,0,1,8,6.00388717651367
1,12,1,1,0,5,10,6.5117449760437
1,10,1,1,0,6,11,5.63478899002075
1,10,1,1,0,6,8,5.85793304443359
1,18,0,1,0,1,6,7.60240077972412
1,16,0,1,0,6,4,6.64509105682373
1,16,0,1,0,4,7,6.76388502120972
1,15,0,1,0,1,11,6.7799220085144
1,12,0,1,0,6,8,6.30991792678833
1,14,0,1,0,1,8,6.41345882415771
1,13,0,1,0,1,6,6.35784196853638
1,12,1,1,0,6,7,4.99721193313599
1,16,0,1,0,6,7,6.71416997909546
1,14,0,1,0,1,6,6.55108022689819
1,18,0,1,0,6,3,6.62007284164429
1,17,0,0,0,1,11,6.55108022689819
1,18,0,1,0,1,8,6.53958606719971
1,11,1,1,0,2,10,5.73010015487671
1,17,0,0,0,6,8,6.76273012161255
1,14,1,1,0,1,4,6.54102993011475
1,11,1,1,0,NA,7,6.68461179733276
1,14,1,1,0,1,12,6.5117449760437
1,14,0,1,1,1,5,6.2441668510437
1,16,0,1,0,1,9,6.56807804107666
1,13,0,1,0,1,6,6.73933601379395
1,14,0,1,0,6,5,6.78558778762817
1,14,0,1,0,1,7,6.54102993011475
1,12,0,1,0,1,16,6.74641180038452
1,12,0,1,0,1,11,6.60394382476807
1,14,0,1,0,6,5,6.17586708068848
1,16,0,1,0,1,8,6.67834186553955
1,13,0,0,0,4,13,6.3613018989563
1,12,0,1,0,4,16,6.76734304428101
1,16,0,1,0,6,5,6.35784196853638
1,17,0,1,0,1,10,7.23345518112183
1,14,0,1,0,1,11,7.37963199615479
1,12,1,1,0,1,12,6.51471281051636
1,18,0,1,0,6,8,6.13556480407715
1,12,0,1,0,1,11,6.49677515029907
1,12,0,1,0,6,6,6.73933601379395
1,12,0,0,0,1,15,6.48768377304077
1,15,0,1,0,4,6,7.09007692337036
1,13,0,1,0,1,14,6.64638996124268
1,12,1,1,0,1,9,5.52146100997925
1,12,0,1,0,6,6,5.83772993087769
1,12,0,1,0,4,16,7.65680980682373
1,18,0,1,0,1,3,6.9363431930542
1,12,0,1,0,4,7,6.56948089599609
1,10,0,1,0,1,12,6.38856077194214
1,15,0,1,1,1,11,6.72503423690796
1,15,0,1,0,6,7,5.99146509170532
1,14,1,1,0,1,11,6.58063888549805
1,12,1,1,0,1,13,5.11799383163452
1,14,0,1,0,1,7,6.14632892608643
1,18,0,1,0,4,3,6.46614503860474
1,13,0,1,0,1,15,6.39693021774292
1,12,0,1,0,5,6,5.99146509170532
1,13,0,1,0,5,5,6.90775489807129
1,14,0,1,0,1,8,6.50128984451294
1,16,0,1,0,1,2,6.31535816192627
1,14,0,1,0,4,8,6.66568422317505
1,15,0,1,0,1,7,6.50278997421265
1,10,0,1,0,6,9,5.70378303527832
1,16,0,1,0,1,8,6.5467848777771
1,14,0,0,0,1,13,6.08221912384033
1,13,0,1,0,1,6,6.5294189453125
1,14,0,1,0,1,6,6.02586603164673
1,12,0,1,0,1,7,6.62140607833862
1,13,0,1,0,6,7,5.44241809844971
1,16,0,1,0,1,7,6.22455787658691
1,16,0,0,0,1,8,6.39693021774292
1,18,0,1,0,1,9,7.1770191192627
1,18,0,1,0,1,8,6.96413612365723
1,15,0,1,0,1,11,6.44094705581665
1,16,0,1,0,1,11,6.95654487609863
1,18,0,0,0,1,8,6.89060878753662
1,18,0,1,0,1,10,7.15617704391479
1,12,0,1,0,1,8,6.70686197280884
1,17,0,1,0,6,1,6.21460819244385
1,12,0,1,0,4,14,6.57925081253052
1,12,0,1,0,4,11,6.28785800933838
1,17,0,0,0,1,11,6.84375
1,11,0,1,0,1,8,5.70378303527832
1,11,0,0,0,1,15,6.6605749130249
1,8,0,0,0,4,20,6.47697305679321
1,18,0,1,0,1,5,6.90374708175659
1,17,0,1,0,1,5,6.3664698600769
1,16,0,1,0,1,4,5.44241809844971
1,16,0,0,0,1,3,6.28971576690674
1,15,1,1,0,1,13,6.44254016876221
1,12,1,1,0,1,10,6.51322984695435
1,16,0,1,0,1,5,5.44241809844971
1,18,0,1,0,1,5,6.57367992401123
1,13,0,1,0,6,5,5.65599203109741
1,15,0,1,0,1,5,6.21460819244385
1,16,0,1,0,6,5,5.74300289154053
1,11,0,1,0,6,8,5.29831695556641
1,16,0,1,0,1,11,7.00850486755371
1,12,0,1,0,1,11,6.36818695068359
1,16,0,1,0,6,8,6.00141477584839
1,13,0,1,0,1,6,6.42648792266846
1,16,0,1,0,1,5,5.62401819229126
1,17,0,1,1,1,2,6.86901378631592
1,15,0,1,0,1,9,6.53958606719971
1,12,0,1,0,1,10,6.33328008651733
1,8,0,1,0,1,19,7.19743490219116
1,14,0,1,0,1,11,6.5117449760437
1,16,0,0,0,1,10,6.75227022171021
1,16,0,1,0,6,10,5.56068181991577
1,15,0,1,0,1,7,6.3543701171875
1,13,0,1,0,1,5,6.43935108184814
1,12,0,1,0,1,14,7.27447891235352
1,14,0,0,0,1,8,5.81711101531982
1,12,0,1,0,1,9,6.35784196853638
1,13,0,1,0,1,5,6.17378616333008
1,15,0,1,0,1,7,5.52146100997925
1,11,0,1,0,1,7,6.17170000076294
1,15,0,1,0,1,13,6.9450511932373
1,18,0,1,0,1,9,6.99393320083618
1,18,0,1,0,1,2,6.13556480407715
1,12,0,0,0,1,14,6.43775177001953
1,16,0,1,0,1,3,6.70563888549805
1,14,0,1,0,1,8,5.88887786865234
1,12,0,1,0,1,9,5.76832103729248
1,16,0,1,0,4,10,5.84932518005371
0,12,0,1,0,4,12,6.75809383392334
0,10,0,1,0,1,10,5.64190721511841
0,12,0,1,0,5,6,6.54965114593506
0,12,0,1,0,1,6,6.42162179946899
0,11,0,0,0,6,8,6.07073783874512
1,16,0,1,0,6,3,6.28039598464966
1,16,0,1,0,6,4,6.43775177001953
1,18,0,1,0,4,2,6.35784196853638
1,12,0,1,0,6,6,6.73696708679199
1,16,0,1,0,1,4,6.00141477584839
1,15,0,1,0,1,11,6.31535816192627
1,18,0,1,0,1,7,6.92165803909302
1,16,0,1,0,6,7,5.7838249206543
1,15,0,1,0,1,9,6.6476879119873
1,14,0,1,0,1,4,6.55108022689819
1,17,0,1,0,6,1,6.30627489089966
1,16,0,1,0,6,4,6.43775177001953
1,16,0,1,0,1,6,6.81454277038574
1,12,0,1,0,1,15,6.61338376998901
1,12,0,0,0,1,6,6.51322984695435
0,16,0,0,0,1,6,6.70563888549805
1,15,0,1,0,1,4,6.64638996124268
1,15,0,1,0,1,6,6.58892583847046
1,12,0,1,0,1,6,6.50128984451294
1,14,0,1,0,1,7,6.53378915786743
1,14,0,1,0,6,6,6.32793712615967
1,16,0,1,0,1,6,6.21460819244385
1,14,0,1,0,6,8,6.50727701187134
1,12,0,1,0,1,16,6.86901378631592
1,16,0,1,0,1,6,6.58755016326904
1,16,0,1,0,1,11,6.86901378631592
1,17,0,1,0,1,10,6.42162179946899
1,13,0,1,0,1,13,7.05099010467529
1,13,0,1,0,1,10,6.51471281051636
1,12,0,1,0,1,8,6.04500484466553
1,12,0,1,0,6,7,6.96885108947754
1,18,0,1,0,6,9,7.06902408599854
1,15,0,1,0,1,6,6.74758720397949
1,12,0,1,0,1,6,6.41345882415771
1,18,0,1,0,1,9,6.04737186431885
1,12,0,1,0,1,11,7.09007692337036
1,14,0,1,0,1,14,6.9363431930542
1,14,0,1,0,4,8,6.30991792678833
1,15,0,1,0,6,10,6.68586111068726
1,12,0,1,0,1,13,6.29710912704468
1,9,0,1,0,3,16,5.85793304443359
1,14,0,1,0,4,12,6.62007284164429
1,14,0,1,0,1,14,6.10924816131592
1,14,0,1,0,6,4,6.39693021774292
1,12,0,1,0,5,15,6.75110101699829
1,14,0,1,0,1,6,6.59030103683472
1,12,0,1,0,4,16,6.54102993011475
1,10,0,1,0,4,11,6.93244791030884
1,14,0,1,0,1,8,7.05099010467529
1,16,0,1,0,1,10,6.89060878753662
1,15,0,1,0,4,13,6.58892583847046
1,14,0,1,0,1,14,6.28226709365845
1,12,0,1,0,1,7,6.27664279937744
1,13,0,1,0,6,7,5.66642713546753
1,17,0,1,0,6,3,5.74620294570923
1,13,0,1,0,6,5,6.00141477584839
1,18,0,1,0,1,6,7.00306606292725
1,12,0,1,0,1,9,6.4922399520874
1,12,0,1,0,1,14,6.07073783874512
1,17,0,1,1,5,4,5.99146509170532
1,15,0,1,0,6,5,5.57215404510498
1,13,0,1,0,1,15,5.99146509170532
1,16,0,0,0,1,12,6.35784196853638
1,12,0,1,0,6,6,6.07073783874512
1,17,0,1,0,1,2,6.15273284912109
1,17,0,1,0,1,2,5.54126405715942
1,12,0,0,0,1,8,6.43775177001953
1,13,0,1,0,6,15,6.50727701187134
1,12,0,1,0,1,12,6.95559310913086
1,17,0,1,0,1,11,7.52077579498291
1,15,0,1,0,1,12,6.64509105682373
1,11,1,1,0,1,17,6.53378915786743
1,15,0,1,0,1,3,6.47697305679321
1,16,0,0,0,1,4,6.17170000076294
0,16,0,0,0,1,2,5.83188199996948
0,14,0,1,0,1,12,6.80903911590576
0,12,0,0,0,5,15,5.86078596115112
0,12,0,1,0,1,11,6.65286302566528
0,12,0,1,0,1,8,6.55108022689819
0,16,0,0,0,1,4,6.38350677490234
0,12,0,0,0,NA,6,6.60664987564087
0,12,0,0,0,1,9,6.27852201461792
0,16,0,1,0,6,3,6.03308582305908
0,18,0,1,0,1,10,7.23993301391602
0,12,0,0,0,1,16,6.30627489089966
1,11,0,0,0,1,7,6.48768377304077
1,12,0,0,0,1,7,6.34913921356201
1,13,0,0,0,1,10,6.43615102767944
1,16,0,1,0,1,9,6.09131002426147
1,15,0,0,0,1,6,6.35784196853638
1,13,0,0,0,1,8,6.29156923294067
1,15,0,0,0,6,9,6.73459100723267
0,14,0,1,0,6,9,6.58479118347168
0,13,0,1,0,1,7,6.32256507873535
0,13,0,0,0,1,5,5.81114101409912
0,15,0,1,1,6,3,6.23441076278687
0,12,0,1,0,1,13,6.35784196853638
0,12,0,1,0,1,11,6.23637008666992
1,15,0,1,0,1,4,5.7397928237915
1,12,0,1,0,1,16,6.35784196853638
1,12,0,1,0,1,16,6.50727701187134
1,12,0,1,0,1,9,6.44730615615845
1,16,0,1,0,4,3,6.50128984451294
1,14,0,1,0,1,7,5.99146509170532
1,11,0,0,0,1,7,5.39362812042236
1,13,0,1,0,1,11,6.35784196853638
1,13,0,1,0,4,10,6.04737186431885
1,16,0,1,0,1,5,6.47234582901001
1,15,0,1,0,6,7,5.84354400634766
1,16,0,1,1,6,3,6.73340177536011
1,15,0,1,0,1,4,6.43775177001953
1,9,0,1,0,1,15,6.90775489807129
1,16,0,1,0,1,9,6.82328605651855
1,12,0,1,0,1,13,6.59304523468018
1,12,0,1,1,5,6,6.10479307174683
1,14,0,1,0,1,9,6.18001699447632
1,12,0,1,0,6,7,6.01859283447266
1,14,0,1,0,1,10,6.78558778762817
0,14,0,1,0,NA,7,5.85793304443359
0,17,0,0,0,1,4,6.21460819244385
0,15,0,1,0,1,12,6.59714603424072
0,13,0,1,0,6,11,6.12904977798462
0,16,0,1,0,1,6,6.58063888549805
0,15,0,1,1,1,11,6.54965114593506
0,14,0,1,0,1,10,6.66568422317505
0,16,0,1,0,1,7,6.82979393005371
0,14,0,1,0,5,6,6.10702276229858
0,15,0,0,0,1,3,5.7838249206543
0,13,0,0,0,1,13,6.5264949798584
0,16,0,1,0,1,10,6.25766801834106
0,18,0,1,0,1,4,6.15273284912109
0,12,0,0,0,1,16,6.29341888427734
0,14,0,0,0,1,9,6.74758720397949
0,12,0,0,0,1,12,5.99146509170532
0,18,0,0,0,6,3,6.3044490814209
0,16,0,0,0,6,10,6.35784196853638
0,11,0,0,0,1,7,5.70378303527832
0,16,0,0,0,1,10,6.97354316711426
0,12,0,0,0,1,14,6.58063888549805
0,17,0,1,0,4,8,6.5117449760437
0,17,0,1,1,1,4,6.60529804229736
0,12,0,1,0,6,8,7.29844522476196
0,17,0,0,0,6,4,6.77422380447388
0,12,0,0,0,1,15,6.80239486694336
0,13,0,0,0,1,12,6.68586111068726
0,13,0,0,0,1,7,6.30991792678833
0,10,0,0,0,1,18,6.3543701171875
0,12,0,0,0,1,9,6.29156923294067
0,16,0,1,0,1,10,6.67203283309937
0,14,0,0,0,1,8,6.54102993011475
0,16,0,0,0,4,4,5.52146100997925
0,17,0,1,0,1,1,6.03308582305908
0,9,0,0,0,1,17,6.45362520217896
0,12,0,1,0,5,14,6.02344799041748
0,12,0,0,0,1,7,5.70378303527832
0,17,0,1,0,1,3,6.34035921096802
0,16,0,0,0,1,10,6.46302890777588
0,13,0,0,0,1,10,5.87493085861206
0,12,0,0,0,1,15,5.99146509170532
0,12,0,0,0,1,13,6.02344799041748
0,14,0,0,0,1,13,6.27476215362549
0,16,0,0,0,1,7,6.45362520217896
0,14,0,0,0,1,7,4.96981287002563
0,14,0,0,0,1,11,6.30991792678833
0,12,0,0,0,6,14,6.18620920181274
0,17,0,1,0,1,8,6.39359092712402
0,14,0,1,1,1,6,6.13556480407715
0,16,0,0,0,1,4,6.69950103759766
0,12,0,0,0,1,7,6.43775177001953
0,12,0,0,0,1,13,6.94985580444336
0,16,0,1,0,6,5,6.68461179733276
0,16,0,1,0,1,5,6.69950103759766
0,17,0,1,0,6,3,6.07073783874512
0,17,0,1,0,1,5,6.62140607833862
0,14,0,1,0,6,6,5.68357992172241
1,12,0,1,0,1,7,6.05678415298462
1,12,0,1,0,1,15,6.55108022689819
1,16,0,1,0,1,3,5.64897394180298
1,14,0,0,0,1,7,6.29526615142822
1,12,0,1,0,1,7,6.17378616333008
1,16,0,1,0,1,4,5.93489408493042
1,16,0,1,0,1,8,6.23048210144043
1,12,0,1,0,1,7,6.21460819244385
1,12,0,1,0,1,15,6.58340883255005
1,12,0,0,0,6,7,5.39362812042236
1,15,0,0,0,5,3,6.16331481933594
1,13,0,1,0,1,7,7.09174203872681
1,13,0,0,0,6,5,5.99146509170532
1,16,0,1,0,6,7,6.39859485626221
1,12,0,0,0,5,11,6.17586708068848
1,16,0,0,0,1,11,6.55108022689819
1,12,0,1,1,1,9,6.64509105682373
1,14,0,1,1,1,5,6.27098798751831
1,16,0,1,1,1,8,6.10924816131592
1,10,0,1,1,1,18,6.33328008651733
1,13,0,1,1,1,13,6.47543287277222
1,8,0,1,1,1,18,6.15273284912109
1,16,0,1,1,6,2,5.61677122116089
1,16,0,1,1,1,11,6.57786083221436
1,12,0,1,1,1,15,6.98656702041626
1,16,0,1,1,1,12,6.5117449760437
0,18,0,0,1,1,0,5.85793304443359
0,14,1,1,1,1,8,6.64509105682373
0,12,1,0,1,1,8,6.47697305679321
0,9,0,0,1,1,15,6.62140607833862
0,10,0,0,1,1,11,5.87493085861206
0,9,0,0,1,1,9,5.52146100997925
0,12,0,0,1,6,10,5.99396085739136
0,11,0,0,1,1,8,6.05208921432495
0,9,0,0,1,1,10,5.6594820022583
0,13,1,0,1,1,7,5.73334121704102
0,14,1,1,0,1,4,6.35957384109497
0,16,1,0,1,1,8,6.08221912384033
0,12,0,0,1,1,13,6.10924816131592
0,17,0,1,1,1,5,5.15329217910767
0,16,1,1,0,1,5,6.27098798751831
0,12,1,0,1,5,12,6.17794418334961
0,12,1,1,0,1,9,6.72503423690796
0,12,1,0,1,6,16,5.56068181991577
0,12,1,0,1,6,7,5.63121223449707
0,13,1,0,1,1,6,5.85793304443359
0,11,0,0,1,1,7,4.97673416137695
0,10,1,0,1,1,11,5.43807888031006
0,15,1,1,0,5,3,6.10924816131592
0,16,0,1,1,6,3,5.95324277877808
0,17,0,1,1,1,11,6.70563888549805
0,16,0,0,1,1,8,6.86901378631592
0,13,0,0,1,1,9,6.01126718521118
0,16,0,1,1,6,3,6.26530122756958
0,13,0,1,0,1,5,6.35957384109497
0,14,0,0,1,1,8,6.42971897125244
1,12,0,1,1,6,7,5.43807888031006
1,11,1,1,1,1,13,6.36302804946899
1,18,0,1,1,6,8,7.05185604095459
1,12,1,1,1,1,10,5.9401707649231
1,16,1,1,1,6,5,6.42324686050415
1,12,1,1,1,1,10,6.10924816131592
1,12,1,1,1,1,7,6.05208921432495
1,12,1,1,1,1,10,6.21460819244385
1,12,0,1,1,1,7,6.56948089599609
1,12,0,1,1,1,7,6.62007284164429
1,15,0,1,1,1,3,5.7776517868042
1,13,0,1,1,1,9,6.9450511932373
1,16,0,1,1,1,3,6.19644403457642
1,13,0,1,1,6,10,6.26339817047119
1,11,1,1,1,1,12,5.96100521087646
1,10,1,1,1,1,10,6.13122701644897
1,15,1,1,1,6,3,5.99146509170532
1,15,1,1,1,1,6,6.60258817672729
1,14,1,1,1,5,6,6.39526176452637
0,18,1,0,1,4,9,7.03085803985596
1,14,1,1,1,6,5,6.39859485626221
1,10,1,1,1,6,10,5.69709300994873
1,12,1,1,1,6,9,5.45958614349365
1,13,1,1,1,1,6,5.39362812042236
1,8,1,1,1,1,12,6.5467848777771
1,9,1,1,1,6,9,6.29526615142822
1,12,1,1,1,6,7,5.52146100997925
1,16,0,1,1,4,4,5.99146509170532
1,15,0,1,1,6,10,6.04737186431885
1,12,0,1,1,6,7,5.66988086700439
1,10,1,1,1,6,17,5.5093879699707
1,13,1,1,1,1,7,5.9401707649231
1,12,0,1,1,1,6,6.48616123199463
1,12,0,1,1,1,14,6.56667184829712
1,14,0,1,1,6,9,6.17586708068848
1,16,0,1,1,1,3,6.46302890777588
1,12,0,1,1,5,14,6.39024114608765
1,7,0,1,1,1,18,6.35957384109497
0,16,0,1,1,1,8,6.51914691925049
0,16,0,1,1,1,10,7.33823776245117
0,12,0,1,1,1,15,6.7569317817688
0,18,0,1,1,6,8,6.28039598464966
0,12,0,1,1,1,9,5.73010015487671
0,14,0,0,1,1,9,6.39693021774292
0,8,0,0,1,1,17,6.43775177001953
0,13,0,1,1,1,10,6.29156923294067
0,13,0,0,1,1,8,5.84064102172852
0,12,0,0,1,1,7,6.21460819244385
0,11,1,1,0,1,9,5.76832103729248
0,18,1,0,1,1,3,5.93489408493042
0,15,1,0,1,6,4,5.23644208908081
0,9,1,0,1,5,18,5.12396383285522
0,2,1,0,1,6,17,5.52146100997925
0,3,1,0,1,6,15,5.24702405929565
0,12,1,1,0,1,10,6.90775489807129
0,12,1,0,1,6,6,6.33505392074585
0,9,1,0,1,1,9,6.43615102767944
0,12,1,1,1,1,6,6.57088279724121
0,12,0,0,1,1,6,6.28785800933838
0,13,1,0,1,1,7,5.87211799621582
0,12,1,0,1,6,6,5.48063898086548
0,12,0,0,1,1,6,6.03548097610474
1,13,0,0,1,1,8,6.93342304229736
1,17,0,0,1,6,9,5.68697500228882
1,12,1,1,1,1,8,6.30991792678833
1,12,1,1,1,1,9,6.28785800933838
1,5,0,0,1,1,19,5.85793304443359
1,12,0,0,1,1,9,6.56667184829712
1,12,1,0,1,1,11,5.43372201919556
1,12,1,0,1,1,9,5.39362812042236
1,12,1,0,1,1,11,5.73657178878784
1,12,1,1,0,1,6,5.76832103729248
1,12,1,0,1,1,9,5.71373319625854
1,13,0,0,1,1,7,6.10924816131592
1,12,1,1,1,1,11,6.62406492233276
1,12,0,0,1,1,8,6.08221912384033
1,11,1,0,1,1,11,5.7838249206543
1,16,0,0,1,1,10,6.74052000045776
1,14,0,0,1,1,6,5.74620294570923
1,13,0,1,1,1,15,6.17170000076294
1,12,0,1,1,6,13,6.06145715713501
1,14,0,1,1,1,9,6.19440603256226
1,12,0,1,1,6,6,5.88887786865234
1,14,0,1,1,1,13,5.99146509170532
1,12,1,1,1,1,6,6.04737186431885
1,12,1,0,1,6,9,5.7397928237915
1,11,1,0,1,6,10,5.60211896896362
1,18,1,1,1,6,2,5.95324277877808
1,16,1,1,1,1,2,6.27098798751831
1,11,0,0,1,1,14,6.55108022689819
1,10,0,0,1,1,16,5.94280004501343
1,12,0,0,1,1,10,6.14203691482544
1,10,0,0,1,1,18,5.99146509170532
1,10,0,0,1,6,17,6.12029695510864
0,12,1,0,1,1,6,5.56068181991577
0,13,1,1,0,1,9,6.55819797515869
0,13,0,0,1,1,11,6.03308582305908
0,11,1,0,1,6,10,5.52146100997925
0,12,1,0,1,1,6,6.13122701644897
0,8,1,0,1,1,12,5.7838249206543
0,9,1,0,1,2,10,5.61677122116089
0,12,1,0,1,1,8,5.7838249206543
0,15,1,1,0,1,4,5.70378303527832
0,8,1,0,1,6,17,5.52146100997925
0,12,0,0,1,1,10,5.66296100616455
0,13,1,1,1,1,9,6.30991792678833
0,12,0,0,1,1,15,6.06145715713501
0,8,1,1,1,1,16,5.92692613601685
0,9,0,0,1,1,15,6.35784196853638
0,13,0,0,1,6,6,6.27476215362549
0,12,0,1,1,6,6,5.52146100997925
0,12,0,0,1,1,9,6.0867748260498
0,12,0,0,1,1,8,6.12468290328979
0,12,0,0,1,1,9,6.08221912384033
0,12,1,0,1,4,9,6.30991792678833
0,16,0,1,1,1,3,6.47697305679321
0,11,0,0,1,1,9,6.04737186431885
0,13,0,1,1,1,8,6.04025506973267
0,14,0,1,1,6,5,5.29831695556641
0,8,0,0,1,1,12,5.99146509170532
0,9,0,1,1,1,9,5.70378303527832
0,12,0,1,1,1,12,6.57088279724121
0,12,0,0,1,1,7,5.98645210266113
0,9,0,0,1,1,14,5.98645210266113
0,16,0,1,1,1,6,6.59850883483887
0,12,0,0,1,1,7,6.53378915786743
0,6,0,0,1,6,16,5.35658597946167
0,12,0,0,1,1,13,6.12029695510864
0,15,0,1,1,6,3,5.85793304443359
0,16,0,0,1,6,6,6.35784196853638
0,16,0,0,0,1,9,6.54965114593506
0,16,0,0,1,6,5,5.92692613601685
0,13,0,0,1,1,5,5.92692613601685
0,12,0,0,1,1,15,5.89715385437012
0,12,1,1,1,5,11,5.39362812042236
0,16,1,1,1,1,9,6.43133115768433
0,11,1,0,1,5,14,5.92692613601685
0,16,1,0,1,6,4,5.83188199996948
0,16,1,0,1,1,2,5.9401707649231
0,11,0,1,1,1,15,5.56068181991577
0,8,1,1,1,1,16,6.19236183166504
0,11,1,1,1,1,9,6.07073783874512
0,11,1,1,1,1,10,5.89989805221558
0,14,1,1,1,1,13,5.54907608032227
0,14,0,1,1,1,6,6.24027585983276
0,15,0,1,1,1,10,5.66296100616455
0,18,0,1,1,1,6,6.76388502120972
0,12,0,1,1,5,7,6.07073783874512
0,1,0,1,1,1,22,6.21460819244385
0,16,0,1,1,1,2,6.30627489089966
0,12,0,1,1,1,11,5.99146509170532
0,9,0,1,1,1,15,6.07073783874512
0,13,0,0,1,1,5,5.92692613601685
0,12,0,1,1,1,14,6.3044490814209
0,12,0,0,1,6,6,5.92692613601685
0,14,0,0,1,1,5,6.21460819244385
0,16,0,0,1,1,2,5.87211799621582
0,12,0,1,0,1,11,6.39693021774292
0,12,0,1,1,1,16,6.47697305679321
0,12,0,1,1,1,14,6.74288082122803
0,12,0,1,1,1,9,5.7838249206543
1,12,1,0,1,5,15,5.66642713546753
1,14,1,0,1,1,4,6.12468290328979
1,14,1,1,1,1,9,6.56667184829712
1,13,0,0,1,1,15,6.02344799041748
1,16,1,1,1,6,3,6.47543287277222
1,13,0,1,1,1,7,6.45046997070312
1,16,0,0,1,1,6,6.58063888549805
1,12,0,1,1,1,14,6.81673622131348
1,13,0,0,1,1,7,5.92692613601685
1,18,0,1,1,1,3,6.38350677490234
0,16,0,0,1,1,10,6.63856792449951
0,12,0,0,1,1,8,6.21460819244385
0,11,1,1,0,1,8,5.61677122116089
0,10,1,1,0,6,8,5.56068181991577
0,16,0,0,1,6,6,6.86901378631592
0,12,1,0,1,1,10,6.43775177001953
0,12,1,0,1,1,8,5.8081431388855
0,12,1,0,1,1,11,6.43775177001953
0,10,1,0,1,6,8,5.52146100997925
0,12,1,0,1,1,16,5.88332176208496
0,12,1,0,1,1,16,6.30991792678833
0,12,1,0,1,1,6,5.99893712997437
0,11,1,1,0,6,9,6.13772678375244
0,12,1,0,1,6,6,5.98141384124756
0,12,1,0,1,6,6,5.62762117385864
0,14,1,0,1,1,7,5.99146509170532
0,16,1,0,1,1,2,6.02827787399292
0,12,1,0,1,1,15,6.13556480407715
0,18,0,0,1,6,9,7.27378702163696
0,4,1,0,1,6,17,4.82831382751465
0,10,1,0,1,1,18,5.29831695556641
0,10,1,0,1,1,15,5.70378303527832
0,10,1,0,1,1,16,6.25575017929077
0,13,1,1,1,1,6,5.58349609375
0,11,1,0,1,1,9,5.7838249206543
0,9,1,1,1,5,15,5.85793304443359
0,9,1,0,1,1,19,5.82894611358643
0,13,1,0,1,1,6,6.43775177001953
0,10,0,0,1,1,13,5.36597585678101
0,12,0,0,1,1,10,6.53378915786743
0,8,0,1,1,1,18,5.61677122116089
0,10,0,0,1,1,16,6.12468290328979
0,12,1,1,1,5,8,6.42162179946899
0,16,1,1,0,1,3,6.59577989578247
0,12,1,0,1,5,8,5.09375
0,8,1,0,1,6,10,5.56068181991577
0,11,0,0,1,1,10,6.19847917556763
0,12,1,1,0,1,8,6.3543701171875
0,12,1,1,0,5,7,6.23441076278687
0,8,1,1,1,6,12,6.33682584762573
0,9,1,0,1,6,14,6.2441668510437
0,8,1,1,0,1,11,6.15485811233521
0,13,1,0,1,1,8,5.81412982940674
0,12,1,0,1,1,10,6.17586708068848
0,12,1,0,1,1,8,6.4645881652832
0,10,1,0,1,1,9,6.35088586807251
0,6,1,0,1,1,20,5.75257301330566
0,11,1,1,1,1,13,5.88610410690308
0,12,1,1,1,6,7,5.82600021362305
0,13,0,0,1,1,7,5.99146509170532
0,15,0,0,1,6,3,5.70378303527832
0,10,0,0,1,1,18,6.36302804946899
0,14,0,0,1,6,4,5.7714409828186
0,12,1,1,0,6,8,6.16331481933594
0,7,1,1,0,1,12,6.09807395935059
0,6,1,0,1,5,13,5.70378303527832
0,10,1,0,1,1,11,5.52942895889282
0,12,1,0,1,1,7,6.03787088394165
0,6,1,0,1,1,22,5.75890207290649
0,16,0,0,1,1,7,6.31535816192627
0,18,0,0,1,1,7,6.58063888549805
0,13,0,0,1,6,6,6.59167385101318
0,12,0,1,1,1,7,5.74939298629761
0,9,0,0,1,6,12,5.39362812042236
1,8,1,0,1,1,11,5.45958614349365
1,9,1,0,1,1,12,5.8081431388855
1,11,1,0,1,1,9,5.8081431388855
1,11,1,0,1,6,13,5.8081431388855
1,12,1,0,1,1,10,5.9401707649231
1,12,1,0,1,4,8,5.96614694595337
1,5,1,0,1,5,23,5.52146100997925
1,17,1,1,1,6,4,6.5117449760437
1,16,1,1,1,6,4,6.18001699447632
1,16,1,1,1,6,3,6.64509105682373
1,4,1,1,1,1,15,5.7838249206543
1,11,1,0,1,1,13,6.14203691482544
1,14,0,0,1,6,4,5.85793304443359
1,12,1,1,1,1,8,5.92692613601685
1,5,0,0,1,1,16,5.70378303527832
1,16,1,1,1,1,3,6.16331481933594
1,12,1,1,0,1,9,6.26909589767456
1,10,1,0,1,1,10,6.24027585983276
1,12,1,1,0,2,9,6.09807395935059
1,11,1,0,1,1,12,5.57973003387451
1,12,1,0,1,1,9,5.56068181991577
1,9,1,1,1,5,9,5.76205205917358
0,12,0,0,1,1,8,6.43935108184814
0,11,0,0,1,6,8,5.99146509170532
0,14,0,1,1,1,4,5.93489408493042
0,16,0,0,1,1,7,6.68835401535034
0,16,0,0,1,4,3,6.10255908966064
0,15,0,0,1,1,7,5.76519107818604
0,8,0,0,1,1,16,5.99396085739136
0,9,0,1,1,6,12,6.08221912384033
0,10,0,1,1,1,8,6.03308582305908
0,10,0,0,1,1,9,5.92692613601685
0,16,0,1,1,1,8,6.42324686050415
0,12,0,1,1,1,10,5.86929702758789
0,18,0,1,1,1,4,6.05208921432495
0,12,0,0,1,6,8,5.57973003387451
0,14,0,1,1,5,4,6.05444002151489
0,12,0,0,1,1,7,5.52146100997925
0,17,0,1,1,5,2,6.32793712615967
0,12,0,0,1,1,11,5.66642713546753
0,16,0,0,1,1,4,5.97381019592285
0,12,0,1,1,1,8,6.35784196853638
0,17,0,0,1,1,9,5.84643888473511
0,16,0,1,1,1,6,7.15617704391479
1,17,0,1,0,1,5,6.76273012161255
1,14,0,1,1,1,4,6.02344799041748
1,6,0,1,0,6,17,5.41610097885132
1,14,0,1,0,6,7,6.00141477584839
1,12,0,1,1,1,13,6.58063888549805
1,12,0,1,1,1,12,6.35784196853638
1,12,0,0,1,1,8,6.21460819244385
1,12,0,0,1,1,11,5.52146100997925
1,12,0,0,1,1,8,5.0434250831604
1,12,0,0,1,1,9,6.00635290145874
0,12,1,1,1,1,15,5.85793304443359
0,12,1,1,1,2,8,6.13556480407715
0,10,0,1,1,1,18,6.21460819244385
0,16,0,1,1,1,8,6.74052000045776
0,12,0,1,1,1,11,6.35784196853638
0,16,0,1,1,1,6,5.99146509170532
0,11,0,0,0,1,17,6.60800123214722
0,14,0,1,1,6,5,5.85793304443359
0,12,0,1,1,1,8,6.08221912384033
0,13,0,1,1,5,6,6.58892583847046
0,11,0,1,1,1,8,6.87729597091675
0,16,0,1,1,1,8,6.62140607833862
0,18,0,1,1,1,6,6.35784196853638
0,16,0,0,1,1,8,6.00141477584839
0,12,0,0,1,1,12,6.42324686050415
0,16,0,0,1,1,3,5.43807888031006
0,12,0,0,1,6,6,4.95582723617554
0,18,0,0,1,1,6,5.95324277877808
0,12,0,1,1,4,9,5.95324277877808
0,12,0,0,1,1,6,6.04500484466553
0,12,1,0,0,5,9,6.47697305679321
0,8,1,0,1,6,16,5.43807888031006
0,15,0,0,1,1,9,6.51025819778442
0,18,1,1,1,1,3,5.86929702758789
0,13,1,0,1,6,7,5.52146100997925
0,11,1,0,1,4,14,5.70378303527832
0,12,1,0,1,1,6,5.99146509170532
0,7,1,0,1,1,21,5.70378303527832
0,13,1,0,1,1,8,6.13122701644897
0,12,1,1,0,6,9,6.06842613220215
0,11,1,0,1,1,9,5.52146100997925
0,5,0,1,1,1,17,5.75257301330566
0,12,0,0,1,4,10,6.43775177001953
0,10,0,0,1,1,10,6.21460819244385
0,12,0,0,1,6,9,5.80211782455444
0,12,0,0,1,1,10,6.37161207199097
0,13,1,0,1,1,9,5.76832103729248
0,11,1,0,1,1,11,5.70378303527832
0,16,0,0,1,1,10,6.60394382476807
0,12,1,0,1,6,12,5.95324277877808
0,13,1,0,1,1,7,6.46302890777588
0,5,1,0,1,1,21,5.7838249206543
0,12,1,0,1,1,6,6.00635290145874
0,6,1,0,1,1,20,5.70378303527832
0,7,1,0,1,6,16,5.17048406600952
0,11,1,0,1,1,10,6.10924816131592
0,10,1,0,1,6,8,5.67675399780273
0,12,0,0,1,1,9,6.68586111068726
0,9,1,0,1,NA,12,5.92692613601685
0,10,1,0,1,1,8,5.43807888031006
0,13,1,0,1,1,14,6.28226709365845
0,7,1,0,1,1,18,6.04500484466553
0,10,0,0,1,4,11,5.88887786865234
0,9,0,0,1,1,12,5.70378303527832
0,12,0,0,1,1,10,6.32435894012451
0,16,1,0,1,1,6,6.15273284912109
0,12,0,0,1,4,16,6.18620920181274
0,12,0,0,1,1,8,6.39693021774292
0,11,1,0,1,1,17,5.89440298080444
0,10,1,1,1,NA,8,5.29831695556641
0,8,1,0,1,1,16,4.95582723617554
0,12,0,0,1,1,15,6.10479307174683
0,11,1,0,1,6,12,5.70378303527832
0,12,0,1,0,1,13,6.55961513519287
0,12,0,1,0,1,8,6.28039598464966
0,13,1,0,1,1,10,5.56068181991577
0,12,1,1,0,1,8,6.51471281051636
0,7,1,0,1,4,18,5.56068181991577
0,10,1,0,1,4,18,5.70378303527832
0,16,0,1,1,6,5,7.10249900817871
0,17,0,0,1,1,5,6.35784196853638
0,14,1,0,1,6,7,5.52146100997925
0,10,1,1,0,6,14,5.97635078430176
0,8,1,0,1,1,10,5.61677122116089
0,9,1,0,1,1,17,5.41610097885132
0,7,1,0,1,6,12,5.61677122116089
0,9,1,0,1,6,15,5.87493085861206
0,12,1,1,0,1,7,6.78558778762817
0,16,1,1,1,6,2,5.25749492645264
0,7,1,0,1,2,16,6.04025506973267
0,7,1,0,1,1,20,5.92692613601685
0,7,1,0,1,1,18,5.89715385437012
0,12,0,0,1,1,8,5.99146509170532
0,12,1,1,1,1,8,5.86646795272827
0,13,0,0,1,1,10,5.70378303527832
0,15,0,1,1,1,4,6.03068494796753
0,11,1,0,1,1,9,6.39693021774292
0,13,1,1,0,1,10,6.88038396835327
0,5,1,0,1,1,18,5.43807888031006
0,12,1,0,1,1,9,5.7397928237915
0,8,1,0,1,1,17,5.61312818527222
0,11,1,1,0,6,10,5.99146509170532
0,8,1,0,1,6,12,5.29831695556641
0,13,1,0,1,1,7,6.07534599304199
0,6,1,0,1,1,17,5.43807888031006
0,6,1,1,0,1,18,6.5944128036499
0,10,1,0,1,1,17,5.59842205047607
0,8,1,0,1,1,12,5.17048406600952
0,12,1,0,1,1,7,5.52146100997925
0,10,1,0,1,1,14,5.8081431388855
0,12,1,1,0,6,7,6.08221912384033
0,16,1,1,1,1,4,6.05912303924561
0,16,0,1,1,1,7,6.60664987564087
0,12,1,1,0,1,8,6.55108022689819
0,12,1,0,1,6,6,5.50125789642334
0,12,1,0,1,6,8,5.43807888031006
0,15,1,0,1,1,8,5.60947179794312
0,14,1,1,0,1,8,6.44888877868652
0,16,1,1,0,1,3,5.66642713546753
0,8,1,0,1,1,18,5.70378303527832
0,10,1,0,1,1,13,5.43807888031006
0,8,1,0,1,1,16,5.97888612747192
0,9,1,0,1,6,9,6.34913921356201
0,17,1,1,0,6,7,6.43775177001953
0,16,1,1,0,6,3,6.30991792678833
0,9,1,0,1,1,11,5.52146100997925
0,8,0,0,1,1,13,5.89440298080444
0,14,1,0,1,1,14,4.60516977310181
0,12,1,1,0,1,15,5.85793304443359
0,10,1,0,1,6,9,5.66988086700439
0,4,1,0,1,5,22,5.52146100997925
0,8,1,1,1,1,19,6.72503423690796
0,10,1,1,1,1,9,6.07534599304199
0,12,1,1,0,6,9,5.8081431388855
0,12,0,0,1,2,8,5.72358512878418
0,18,0,0,1,1,9,6.35088586807251
0,12,0,1,1,6,7,5.66296100616455
0,12,1,1,1,2,10,6.13772678375244
0,12,0,0,1,1,16,5.96357917785645
0,16,0,0,1,4,10,7.00850486755371
0,16,0,1,1,4,2,5.50125789642334
0,12,0,1,1,1,7,5.88053321838379
0,8,0,1,1,1,20,5.87773609161377
0,12,1,0,1,1,12,5.99146509170532
0,10,0,0,1,4,9,5.70378303527832
0,16,0,1,1,1,5,6.31535816192627
0,8,0,0,1,1,17,5.70378303527832
0,7,0,1,1,1,17,6.10924816131592
0,12,0,0,1,1,7,6.01371479034424
0,14,0,1,1,6,4,5.52146100997925
0,16,0,1,1,1,2,5.8200831413269
0,16,0,1,1,6,2,5.63478899002075
0,13,0,1,1,4,5,6.25958204269409
0,16,0,1,1,1,4,6.24027585983276
0,14,0,1,1,1,11,6.53813982009888
0,16,0,0,0,6,5,6.05208921432495
0,13,0,1,1,6,5,5.88887786865234
0,12,0,0,0,1,6,6.29526615142822
0,12,0,1,1,1,14,6.64509105682373
0,12,0,1,1,1,7,6.22455787658691
0,17,0,1,1,6,2,6.38181591033936
0,16,0,1,1,6,3,6.03787088394165
0,16,0,1,1,4,4,5.92692613601685
0,17,0,1,1,5,3,5.91079711914062
0,11,0,1,1,1,9,6.08221912384033
0,17,0,1,0,6,6,6.42810487747192
0,16,0,1,1,4,11,6.45362520217896
0,12,0,1,1,1,8,6.21460819244385
0,12,0,1,1,1,14,6.77422380447388
0,17,0,1,1,1,11,6.45362520217896
0,14,0,0,0,1,4,5.74620294570923
0,15,0,0,1,4,3,5.85793304443359
0,9,0,0,1,5,9,6.75343799591064
0,11,1,0,1,6,14,5.29831695556641
0,12,1,1,0,1,6,5.94803476333618
0,12,1,0,1,3,12,5.50125789642334
0,12,1,0,1,1,14,6.69456195831299
0,18,1,0,1,1,9,6.13556480407715
0,16,1,0,1,1,7,6.35784196853638
0,17,1,1,0,1,8,6.22653722763062
0,17,0,0,1,6,5,6.86901378631592
0,16,0,1,1,1,4,6.61069583892822
0,12,0,1,1,6,6,6.10924816131592
0,11,1,0,1,1,10,6.16541814804077
0,9,1,0,1,6,10,4.81218385696411
0,11,1,1,1,1,15,6.67708301544189
0,10,1,0,1,1,9,5.29831695556641
0,14,0,0,1,1,12,6.13556480407715
0,10,0,0,1,1,13,5.41610097885132
0,13,0,1,1,1,9,6.35784196853638
0,8,1,0,1,1,18,5.19295692443848
0,9,1,0,0,6,16,5.7838249206543
0,7,1,0,1,6,15,6.01371479034424
0,10,1,0,1,1,9,5.29831695556641
0,16,0,0,1,1,7,6.28971576690674
0,16,0,0,1,1,6,5.86929702758789
0,11,0,0,1,5,11,5.52146100997925
0,16,0,0,1,1,6,6.54102993011475
0,12,0,0,1,1,10,6.04025506973267
0,12,0,1,1,1,15,5.90263319015503
0,11,0,0,1,1,7,5.86078596115112
0,16,0,1,1,1,9,6.81673622131348
0,13,0,0,1,1,9,6.80239486694336
0,7,0,0,1,1,13,5.70378303527832
0,10,0,0,1,1,11,5.72684812545776
0,7,0,1,1,1,14,6.16331481933594
0,11,1,0,1,4,11,5.82894611358643
0,9,1,1,1,1,14,6.13772678375244
0,12,1,0,1,1,12,5.29831695556641
0,15,1,0,1,6,3,5.75257301330566
0,16,1,0,1,1,8,6.43775177001953
0,12,1,0,1,5,12,5.53733396530151
0,9,0,0,1,1,12,6.10924816131592
0,12,1,0,1,1,6,5.92692613601685
0,12,1,1,0,1,8,5.70378303527832
0,12,1,0,1,5,8,5.89715385437012
0,18,1,1,0,1,3,6.62007284164429
0,15,1,1,1,1,7,6.37842607498169
0,10,1,1,1,1,15,5.57973003387451
0,9,1,1,1,5,10,5.70378303527832
0,6,1,0,1,1,21,5.96614694595337
0,10,0,0,1,1,15,6.21460819244385
0,12,0,0,1,1,11,6.10924816131592
0,12,0,0,1,1,9,5.57215404510498
0,14,0,0,1,1,7,6.06842613220215
0,10,1,0,1,1,14,5.25749492645264
0,14,0,0,1,1,14,6.72022008895874
1,16,1,1,1,1,8,6.24027585983276
1,13,1,1,0,1,11,6.27098798751831
1,16,1,0,1,1,4,5.95324277877808
1,13,0,0,1,1,8,6.21460819244385
1,15,0,1,1,1,8,6.56807804107666
1,16,0,1,1,1,5,6.15697908401489
1,12,1,0,1,1,6,6.15273284912109
1,13,1,1,0,1,6,6.02344799041748
1,12,0,0,1,1,7,5.81412982940674
1,13,0,1,1,1,15,6.17586708068848
1,12,0,0,1,1,6,6.21460819244385
1,12,0,0,1,1,13,6.56948089599609
1,13,1,0,1,1,7,6.26339817047119
